encoded,user
0,242
1,243
2,254
3,388
4,446
5,503
6,505
7,507
8,625
9,638
10,643
11,651
12,709
13,735
14,741
15,753
16,805
17,850
18,882
19,900
20,901
21,929
22,1025
23,1075
24,1129
25,1131
26,1155
27,1211
28,1248
29,1424
30,1435
31,1548
32,1585
33,1674
34,1733
35,1848
36,1903
37,2010
38,2012
39,2024
40,2030
41,2033
42,2041
43,2084
44,2103
45,2110
46,2179
47,2197
48,2276
49,2288
50,2313
51,2337
52,2358
53,2363
54,2719
55,2766
56,2793
57,2799
58,2891
59,2954
60,2977
61,3145
62,3167
63,3282
64,3326
65,3329
66,3331
67,3346
68,3363
69,3371
70,3373
71,3416
72,3418
73,3538
74,3556
75,3578
76,3594
77,3640
78,3675
79,3693
80,3719
81,3757
82,3827
83,3840
84,3917
85,3923
86,4017
87,4092
88,4131
89,4157
90,4197
91,4221
92,4223
93,4334
94,4385
95,4600
96,4622
97,4785
98,4795
99,4896
100,4938
101,5037
102,5209
103,5331
104,5350
105,5385
106,5439
107,5448
108,5476
109,5490
110,5499
111,5539
112,5543
113,5555
114,5582
115,5609
116,5728
117,5741
118,5815
119,5899
120,5903
121,5956
122,6073
123,6115
124,6238
125,6242
126,6251
127,6280
128,6323
129,6333
130,6345
131,6366
132,6431
133,6532
134,6537
135,6543
136,6563
137,6564
138,6566
139,6575
140,6577
141,6611
142,6662
143,6731
144,6772
145,6958
146,7082
147,7105
148,7125
149,7134
150,7158
151,7210
152,7283
153,7286
154,7312
155,7346
156,7352
157,7371
158,7426
159,7547
160,7620
161,7841
162,7864
163,7882
164,7887
165,7913
166,7915
167,7958
168,7980
169,8019
170,8066
171,8067
172,8167
173,8187
174,8234
175,8245
176,8253
177,8255
178,8284
179,8323
180,8362
181,8454
182,8529
183,8584
184,8680
185,8681
186,8687
187,8695
188,8734
189,8782
190,8801
191,8864
192,8870
193,8872
194,8890
195,8935
196,8936
197,8937
198,8971
199,9029
200,9177
201,9188
202,9227
203,9313
204,9354
205,9381
206,9417
207,9440
208,9568
209,9571
210,9574
211,9613
212,9660
213,9747
214,9856
215,9908
216,10030
217,10067
218,10118
219,10199
220,10241
221,10314
222,10315
223,10354
224,10447
225,10532
226,10560
227,10590
228,10668
229,10681
230,10750
231,10819
232,10946
233,10949
234,10965
235,11120
236,11179
237,11224
238,11245
239,11362
240,11399
241,11400
242,11451
243,11532
244,11601
245,11629
246,11638
247,11657
248,11676
249,11687
250,11718
251,11724
252,11788
253,11817
254,11832
255,11916
256,11944
257,11993
258,12100
259,12122
260,12123
261,12143
262,12154
263,12189
264,12194
265,12272
266,12515
267,12537
268,12538
269,12569
270,12657
271,12702
272,12784
273,12824
274,12835
275,12863
276,12917
277,12945
278,12982
279,12990
280,13080
281,13082
282,13093
283,13126
284,13173
285,13221
286,13273
287,13279
288,13280
289,13331
290,13347
291,13518
292,13551
293,13552
294,13582
295,13600
296,13604
297,13607
298,13664
299,13666
300,13682
301,13733
302,13850
303,13935
304,13973
305,13995
306,14049
307,14079
308,14173
309,14180
310,14232
311,14271
312,14281
313,14374
314,14387
315,14393
316,14422
317,14449
318,14451
319,14456
320,14461
321,14521
322,14573
323,14638
324,14667
325,14698
326,14744
327,14768
328,14808
329,14958
330,15021
331,15049
332,15093
333,15135
334,15185
335,15408
336,15418
337,15497
338,15542
339,15589
340,15602
341,15651
342,15654
343,15670
344,15819
345,15845
346,15945
347,15957
348,16005
349,16009
350,16036
351,16046
352,16106
353,16121
354,16155
355,16161
356,16237
357,16244
358,16246
359,16258
360,16263
361,16383
362,16417
363,16488
364,16504
365,16545
366,16599
367,16601
368,16634
369,16718
370,16781
371,16795
372,16818
373,16835
374,16867
375,16871
376,16877
377,16908
378,16916
379,16943
380,16966
381,16996
382,16999
383,17003
384,17046
385,17177
386,17183
387,17190
388,17233
389,17282
390,17391
391,17402
392,17507
393,17667
394,17761
395,17763
396,17789
397,17859
398,17894
399,17906
400,17926
401,17950
402,17970
403,18038
404,18067
405,18082
406,18095
407,18096
408,18134
409,18155
410,18167
411,18172
412,18254
413,18309
414,18311
415,18323
416,18366
417,18384
418,18395
419,18401
420,18412
421,18439
422,18519
423,18850
424,18979
425,19085
426,19145
427,19220
428,19233
429,19336
430,19422
431,19429
432,19493
433,19570
434,19571
435,19573
436,19611
437,19664
438,19681
439,19711
440,19760
441,19842
442,19969
443,19970
444,19972
445,19974
446,20005
447,20034
448,20060
449,20106
450,20115
451,20119
452,20147
453,20149
454,20150
455,20172
456,20180
457,20201
458,20245
459,20254
460,20265
461,20294
462,20332
463,20336
464,20347
465,20401
466,20448
467,20462
468,20561
469,20627
470,20680
471,20703
472,20755
473,20794
474,20961
475,20971
476,21011
477,21014
478,21031
479,21155
480,21202
481,21229
482,21252
483,21356
484,21364
485,21370
486,21404
487,21484
488,21540
489,21575
490,21576
491,21593
492,21618
493,21659
494,21684
495,21708
496,21875
497,21895
498,21903
499,21912
500,22015
501,22022
502,22045
503,22062
504,22074
505,22107
506,22154
507,22252
508,22365
509,22409
510,22464
511,22495
512,22521
513,22625
514,22637
515,22773
516,22813
517,22818
518,22885
519,22912
520,22922
521,22981
522,23020
523,23070
524,23127
525,23128
526,23288
527,23408
528,23459
529,23511
530,23547
531,23571
532,23582
533,23631
534,23650
535,23652
536,23659
537,23680
538,23699
539,23768
540,23771
541,23835
542,23847
543,23871
544,23872
545,23902
546,23933
547,24027
548,24090
549,24105
550,24172
551,24186
552,24188
553,24191
554,24194
555,24204
556,24379
557,24391
558,24427
559,24433
560,24525
561,24624
562,24627
563,24641
564,24694
565,24697
566,24733
567,24767
568,24768
569,24778
570,24835
571,24838
572,24846
573,24878
574,24921
575,24933
576,24934
577,24995
578,25009
579,25041
580,25103
581,25131
582,25253
583,25351
584,25359
585,25373
586,25395
587,25409
588,25410
589,25413
590,25436
591,25466
592,25533
593,25545
594,25583
595,25601
596,25700
597,25792
598,25804
599,25827
600,25850
601,25890
602,25919
603,25930
604,25966
605,25981
606,25996
607,26057
608,26084
609,26145
610,26153
611,26196
612,26209
613,26231
614,26240
615,26371
616,26443
617,26487
618,26516
619,26517
620,26535
621,26538
622,26544
623,26553
624,26583
625,26593
626,26598
627,26611
628,26620
629,26621
630,26624
631,26628
632,26713
633,26756
634,26774
635,26813
636,26883
637,26949
638,27091
639,27140
640,27169
641,27193
642,27313
643,27352
644,27363
645,27383
646,27462
647,27472
648,27616
649,27617
650,27647
651,27740
652,27788
653,27812
654,27813
655,27875
656,27888
657,27947
658,28016
659,28056
660,28076
661,28096
662,28139
663,28144
664,28150
665,28177
666,28204
667,28222
668,28255
669,28257
670,28360
671,28372
672,28451
673,28454
674,28477
675,28481
676,28492
677,28523
678,28537
679,28591
680,28594
681,28602
682,28619
683,28634
684,28666
685,28667
686,28735
687,28790
688,28820
689,28865
690,28938
691,28945
692,29028
693,29070
694,29101
695,29204
696,29209
697,29259
698,29306
699,29419
700,29497
701,29526
702,29539
703,29570
704,29743
705,29855
706,29905
707,29915
708,29974
709,30022
710,30029
711,30035
712,30052
713,30072
714,30081
715,30120
716,30125
717,30144
718,30210
719,30245
720,30261
721,30273
722,30276
723,30290
724,30319
725,30333
726,30385
727,30408
728,30445
729,30461
730,30487
731,30495
732,30507
733,30511
734,30531
735,30533
736,30555
737,30590
738,30594
739,30650
740,30657
741,30667
742,30711
743,30712
744,30716
745,30727
746,30735
747,30770
748,30779
749,30795
750,30806
751,30810
752,30824
753,30887
754,30889
755,30898
756,30906
757,30925
758,30939
759,30971
760,30972
761,30979
762,30985
763,30989
764,30994
765,31008
766,31010
767,31040
768,31050
769,31080
770,31082
771,31094
772,31134
773,31144
774,31158
775,31226
776,31229
777,31230
778,31256
779,31308
780,31315
781,31343
782,31355
783,31391
784,31392
785,31393
786,31406
787,31412
788,31466
789,31468
790,31471
791,31551
792,31556
793,31594
794,31609
795,31652
796,31681
797,31740
798,31826
799,31838
800,31846
801,31860
802,31900
803,31919
804,31948
805,31950
806,31978
807,31984
808,32034
809,32036
810,32110
811,32122
812,32148
813,32188
814,32195
815,32250
816,32329
817,32440
818,32444
819,32516
820,32569
821,32599
822,32627
823,32721
824,32773
825,32802
826,32964
827,33004
828,33114
829,33124
830,33145
831,33179
832,33200
833,33203
834,33264
835,33270
836,33283
837,33307
838,33319
839,33345
840,33408
841,33461
842,33474
843,33491
844,33517
845,33580
846,33614
847,33633
848,33656
849,33681
850,33816
851,33818
852,33826
853,33832
854,33862
855,33888
856,33905
857,33933
858,33943
859,33958
860,33974
861,33980
862,33999
863,34075
864,34087
865,34115
866,34152
867,34215
868,34300
869,34377
870,34501
871,34521
872,34526
873,34566
874,34588
875,34597
876,34600
877,34636
878,34752
879,34764
880,34776
881,34801
882,34932
883,34987
884,34988
885,35030
886,35050
887,35081
888,35144
889,35148
890,35185
891,35188
892,35233
893,35320
894,35407
895,35433
896,35445
897,35490
898,35532
899,35704
900,35718
901,35793
902,35836
903,35857
904,35859
905,35910
906,35918
907,35921
908,35922
909,35931
910,35951
911,35954
912,35962
913,36003
914,36043
915,36135
916,36157
917,36229
918,36256
919,36299
920,36326
921,36327
922,36554
923,36606
924,36609
925,36673
926,36693
927,36715
928,36741
929,36749
930,36807
931,36817
932,36836
933,36839
934,36907
935,36935
936,36938
937,36978
938,37030
939,37113
940,37147
941,37168
942,37208
943,37227
944,37235
945,37239
946,37244
947,37293
948,37310
949,37311
950,37400
951,37426
952,37431
953,37447
954,37493
955,37512
956,37527
957,37538
958,37556
959,37567
960,37573
961,37597
962,37605
963,37623
964,37644
965,37654
966,37712
967,37790
968,37874
969,37905
970,37929
971,37950
972,37968
973,37974
974,37989
975,38023
976,38034
977,38091
978,38176
979,38250
980,38273
981,38281
982,38464
983,38544
984,38555
985,38556
986,38559
987,38590
988,38595
989,38654
990,38660
991,38679
992,38703
993,38718
994,38725
995,38781
996,38802
997,38832
998,38887
999,38933
1000,38950
1001,38994
1002,38995
1003,39106
1004,39133
1005,39159
1006,39195
1007,39219
1008,39227
1009,39281
1010,39345
1011,39353
1012,39372
1013,39396
1014,39400
1015,39441
1016,39467
1017,39502
1018,39513
1019,39527
1020,39616
1021,39646
1022,39705
1023,39773
1024,40012
1025,40043
1026,40052
1027,40110
1028,40222
1029,40299
1030,40316
1031,40330
1032,40415
1033,40466
1034,40505
1035,40511
1036,40553
1037,40559
1038,40612
1039,40617
1040,40627
1041,40640
1042,40647
1043,40772
1044,40796
1045,40798
1046,40838
1047,40888
1048,40889
1049,40914
1050,40922
1051,40943
1052,40958
1053,41080
1054,41084
1055,41086
1056,41088
1057,41103
1058,41111
1059,41123
1060,41157
1061,41177
1062,41227
1063,41364
1064,41395
1065,41403
1066,41449
1067,41450
1068,41455
1069,41589
1070,41596
1071,41634
1072,41646
1073,41667
1074,41676
1075,41700
1076,41701
1077,41718
1078,41757
1079,41760
1080,41781
1081,41831
1082,41841
1083,41842
1084,41897
1085,41911
1086,42055
1087,42093
1088,42099
1089,42162
1090,42323
1091,42352
1092,42372
1093,42410
1094,42419
1095,42450
1096,42458
1097,42466
1098,42573
1099,42597
1100,42651
1101,42718
1102,42730
1103,42798
1104,42831
1105,42847
1106,42902
1107,42914
1108,42948
1109,43004
1110,43006
1111,43021
1112,43093
1113,43118
1114,43157
1115,43163
1116,43246
1117,43282
1118,43285
1119,43309
1120,43359
1121,43397
1122,43436
1123,43481
1124,43595
1125,43619
1126,43626
1127,43642
1128,43678
1129,43687
1130,43698
1131,43806
1132,43807
1133,43842
1134,43850
1135,43852
1136,43873
1137,43901
1138,43907
1139,43909
1140,43910
1141,43920
1142,43925
1143,43962
1144,44089
1145,44091
1146,44190
1147,44252
1148,44296
1149,44297
1150,44320
1151,44389
1152,44467
1153,44472
1154,44535
1155,44595
1156,44611
1157,44663
1158,44727
1159,44728
1160,44756
1161,44842
1162,44845
1163,44852
1164,44893
1165,44925
1166,45014
1167,45042
1168,45064
1169,45068
1170,45107
1171,45113
1172,45184
1173,45255
1174,45305
1175,45315
1176,45340
1177,45383
1178,45391
1179,45416
1180,45418
1181,45557
1182,45778
1183,45879
1184,45899
1185,46003
1186,46099
1187,46145
1188,46154
1189,46258
1190,46269
1191,46293
1192,46295
1193,46345
1194,46351
1195,46389
1196,46398
1197,46417
1198,46443
1199,46461
1200,46541
1201,46671
1202,46690
1203,46706
1204,46892
1205,46904
1206,46907
1207,46909
1208,47017
1209,47030
1210,47118
1211,47128
1212,47152
1213,47279
1214,47293
1215,47316
1216,47401
1217,47411
1218,47512
1219,47534
1220,47605
1221,47609
1222,47635
1223,47779
1224,47793
1225,47851
1226,47856
1227,47861
1228,47971
1229,47974
1230,47975
1231,47987
1232,48025
1233,48037
1234,48046
1235,48213
1236,48217
1237,48268
1238,48355
1239,48357
1240,48474
1241,48494
1242,48579
1243,48595
1244,48630
1245,48662
1246,48743
1247,48753
1248,48911
1249,48929
1250,48970
1251,48975
1252,48995
1253,49061
1254,49109
1255,49144
1256,49154
1257,49155
1258,49212
1259,49225
1260,49262
1261,49300
1262,49314
1263,49392
1264,49403
1265,49422
1266,49423
1267,49460
1268,49526
1269,49582
1270,49668
1271,49683
1272,49771
1273,49792
1274,49827
1275,49842
1276,49889
1277,49900
1278,49980
1279,50073
1280,50129
1281,50131
1282,50141
1283,50143
1284,50204
1285,50205
1286,50225
1287,50526
1288,50539
1289,50547
1290,50612
1291,50615
1292,50681
1293,50711
1294,50730
1295,50749
1296,50823
1297,50849
1298,50859
1299,50895
1300,51071
1301,51082
1302,51100
1303,51184
1304,51207
1305,51252
1306,51350
1307,51359
1308,51364
1309,51365
1310,51386
1311,51440
1312,51449
1313,51450
1314,51463
1315,51511
1316,51526
1317,51627
1318,51665
1319,51742
1320,51777
1321,51803
1322,51826
1323,51856
1324,51883
1325,51962
1326,51992
1327,52002
1328,52011
1329,52021
1330,52044
1331,52159
1332,52175
1333,52199
1334,52203
1335,52256
1336,52293
1337,52323
1338,52350
1339,52425
1340,52497
1341,52521
1342,52525
1343,52584
1344,52614
1345,52673
1346,52807
1347,52853
1348,52887
1349,52917
1350,52994
1351,53042
1352,53069
1353,53140
1354,53174
1355,53220
1356,53236
1357,53241
1358,53256
1359,53278
1360,53304
1361,53332
1362,53392
1363,53414
1364,53418
1365,53456
1366,53520
1367,53545
1368,53575
1369,53590
1370,53614
1371,53628
1372,53663
1373,53664
1374,53729
1375,53846
1376,53934
1377,54005
1378,54072
1379,54193
1380,54206
1381,54218
1382,54222
1383,54290
1384,54335
1385,54374
1386,54453
1387,54511
1388,54547
1389,54589
1390,54605
1391,54622
1392,54652
1393,54731
1394,54817
1395,54884
1396,54898
1397,54968
1398,54997
1399,55006
1400,55027
1401,55065
1402,55075
1403,55086
1404,55097
1405,55142
1406,55178
1407,55187
1408,55197
1409,55270
1410,55272
1411,55398
1412,55438
1413,55454
1414,55487
1415,55490
1416,55492
1417,55493
1418,55548
1419,55550
1420,55559
1421,55562
1422,55607
1423,55631
1424,55641
1425,55734
1426,55751
1427,55789
1428,55799
1429,55858
1430,55892
1431,55927
1432,55955
1433,56039
1434,56157
1435,56198
1436,56201
1437,56246
1438,56271
1439,56272
1440,56307
1441,56360
1442,56369
1443,56391
1444,56399
1445,56447
1446,56470
1447,56554
1448,56654
1449,56661
1450,56663
1451,56804
1452,56856
1453,56874
1454,56917
1455,56959
1456,56985
1457,56998
1458,57002
1459,57006
1460,57095
1461,57105
1462,57108
1463,57148
1464,57200
1465,57214
1466,57234
1467,57255
1468,57302
1469,57305
1470,57354
1471,57369
1472,57398
1473,57449
1474,57599
1475,57620
1476,57697
1477,57713
1478,57725
1479,57959
1480,57976
1481,58062
1482,58067
1483,58142
1484,58156
1485,58168
1486,58194
1487,58224
1488,58255
1489,58342
1490,58351
1491,58363
1492,58389
1493,58397
1494,58458
1495,58482
1496,58497
1497,58529
1498,58594
1499,58612
1500,58708
1501,58768
1502,58790
1503,58792
1504,58855
1505,58877
1506,58911
1507,58961
1508,59038
1509,59059
1510,59150
1511,59172
1512,59180
1513,59189
1514,59206
1515,59209
1516,59220
1517,59267
1518,59269
1519,59305
1520,59390
1521,59463
1522,59499
1523,59504
1524,59524
1525,59554
1526,59612
1527,59656
1528,59727
1529,59734
1530,59763
1531,59770
1532,59812
1533,59912
1534,59933
1535,59948
1536,59971
1537,60029
1538,60050
1539,60079
1540,60098
1541,60114
1542,60157
1543,60168
1544,60178
1545,60244
1546,60251
1547,60263
1548,60278
1549,60307
1550,60319
1551,60337
1552,60392
1553,60412
1554,60419
1555,60424
1556,60427
1557,60445
1558,60475
1559,60546
1560,60569
1561,60583
1562,60621
1563,60703
1564,60707
1565,60787
1566,60797
1567,60809
1568,60858
1569,60905
1570,60941
1571,60944
1572,60977
1573,61021
1574,61028
1575,61038
1576,61042
1577,61146
1578,61147
1579,61211
1580,61216
1581,61257
1582,61296
1583,61348
1584,61427
1585,61494
1586,61524
1587,61619
1588,61668
1589,61704
1590,61762
1591,61798
1592,61845
1593,61854
1594,61901
1595,61910
1596,62009
1597,62172
1598,62239
1599,62272
1600,62303
1601,62316
1602,62339
1603,62378
1604,62381
1605,62464
1606,62471
1607,62542
1608,62546
1609,62558
1610,62582
1611,62662
1612,62680
1613,62688
1614,62755
1615,62809
1616,62862
1617,62881
1618,62891
1619,62895
1620,62929
1621,62958
1622,62966
1623,62968
1624,63004
1625,63044
1626,63246
1627,63358
1628,63360
1629,63389
1630,63394
1631,63452
1632,63494
1633,63506
1634,63507
1635,63595
1636,63625
1637,63665
1638,63714
1639,63849
1640,63854
1641,63865
1642,63923
1643,63938
1644,63956
1645,64010
1646,64015
1647,64220
1648,64241
1649,64249
1650,64270
1651,64310
1652,64333
1653,64344
1654,64346
1655,64396
1656,64429
1657,64435
1658,64436
1659,64440
1660,64449
1661,64535
1662,64589
1663,64625
1664,64629
1665,64679
1666,64726
1667,64763
1668,64769
1669,64783
1670,64806
1671,64946
1672,65027
1673,65032
1674,65068
1675,65145
1676,65191
1677,65208
1678,65228
1679,65238
1680,65244
1681,65258
1682,65334
1683,65370
1684,65484
1685,65549
1686,65584
1687,65663
1688,65665
1689,65710
1690,65752
1691,65769
1692,65791
1693,65817
1694,65877
1695,65913
1696,65946
1697,66055
1698,66073
1699,66129
1700,66255
1701,66323
1702,66387
1703,66443
1704,66483
1705,66485
1706,66487
1707,66518
1708,66556
1709,66574
1710,66599
1711,66640
1712,66680
1713,66765
1714,66789
1715,66797
1716,66842
1717,66878
1718,66942
1719,66960
1720,66964
1721,67079
1722,67085
1723,67111
1724,67174
1725,67198
1726,67270
1727,67288
1728,67296
1729,67351
1730,67354
1731,67358
1732,67402
1733,67403
1734,67415
1735,67497
1736,67515
1737,67542
1738,67547
1739,67591
1740,67627
1741,67663
1742,67677
1743,67694
1744,67775
1745,67782
1746,67785
1747,67810
1748,67838
1749,67840
1750,67910
1751,67930
1752,67958
1753,67992
1754,68000
1755,68128
1756,68156
1757,68185
1758,68249
1759,68256
1760,68272
1761,68309
1762,68383
1763,68436
1764,68478
1765,68491
1766,68555
1767,68568
1768,68581
1769,68621
1770,68690
1771,68760
1772,68767
1773,68768
1774,68846
1775,68886
1776,68887
1777,68943
1778,68984
1779,68998
1780,69023
1781,69042
1782,69076
1783,69078
1784,69089
1785,69156
1786,69188
1787,69211
1788,69232
1789,69252
1790,69355
1791,69378
1792,69389
1793,69405
1794,69460
1795,69554
1796,69627
1797,69684
1798,69697
1799,69709
1800,69721
1801,69749
1802,69775
1803,69808
1804,69933
1805,69967
1806,69971
1807,69986
1808,70014
1809,70052
1810,70065
1811,70183
1812,70192
1813,70205
1814,70222
1815,70238
1816,70302
1817,70318
1818,70379
1819,70401
1820,70402
1821,70415
1822,70448
1823,70541
1824,70569
1825,70594
1826,70628
1827,70649
1828,70666
1829,70703
1830,70740
1831,70791
1832,70796
1833,70864
1834,70931
1835,70999
1836,71075
1837,71102
1838,71162
1839,71183
1840,71207
1841,71234
1842,71470
1843,71490
1844,71522
1845,71587
1846,71628
1847,71662
1848,71712
1849,71739
1850,71752
1851,71786
1852,71800
1853,71831
1854,71853
1855,71884
1856,71897
1857,71900
1858,71902
1859,71940
1860,71967
1861,71981
1862,72028
1863,72099
1864,72100
1865,72163
1866,72190
1867,72214
1868,72238
1869,72287
1870,72296
1871,72352
1872,72368
1873,72418
1874,72451
1875,72470
1876,72523
1877,72530
1878,72575
1879,72601
1880,72636
1881,72742
1882,72785
1883,72990
1884,72992
1885,73022
1886,73044
1887,73056
1888,73127
1889,73157
1890,73196
1891,73224
1892,73330
1893,73394
1894,73464
1895,73479
1896,73548
1897,73588
1898,73603
1899,73622
1900,73651
1901,73681
1902,73741
1903,73798
1904,73893
1905,73923
1906,73991
1907,74026
1908,74056
1909,74093
1910,74106
1911,74172
1912,74185
1913,74215
1914,74238
1915,74286
1916,74328
1917,74356
1918,74413
1919,74453
1920,74493
1921,74505
1922,74571
1923,74630
1924,74655
1925,74665
1926,74689
1927,74691
1928,74758
1929,74801
1930,74833
1931,74911
1932,75081
1933,75083
1934,75089
1935,75115
1936,75119
1937,75149
1938,75177
1939,75330
1940,75335
1941,75339
1942,75355
1943,75429
1944,75485
1945,75486
1946,75491
1947,75551
1948,75591
1949,75695
1950,75701
1951,75771
1952,75777
1953,75783
1954,75787
1955,75819
1956,75852
1957,75860
1958,75875
1959,75980
1960,76019
1961,76070
1962,76102
1963,76151
1964,76158
1965,76168
1966,76173
1967,76218
1968,76223
1969,76259
1970,76350
1971,76351
1972,76352
1973,76458
1974,76482
1975,76483
1976,76499
1977,76530
1978,76532
1979,76575
1980,76576
1981,76626
1982,76710
1983,76741
1984,76748
1985,76803
1986,76815
1987,76818
1988,76873
1989,76888
1990,76942
1991,76957
1992,76976
1993,77039
1994,77052
1995,77181
1996,77261
1997,77270
1998,77307
1999,77332
2000,77359
2001,77377
2002,77383
2003,77480
2004,77491
2005,77499
2006,77530
2007,77676
2008,77724
2009,77772
2010,77809
2011,77860
2012,77886
2013,77940
2014,78015
2015,78067
2016,78265
2017,78328
2018,78440
2019,78448
2020,78469
2021,78496
2022,78553
2023,78573
2024,78589
2025,78619
2026,78673
2027,78719
2028,78722
2029,78755
2030,78778
2031,78783
2032,78834
2033,78841
2034,78846
2035,78901
2036,78973
2037,79009
2038,79055
2039,79089
2040,79186
2041,79188
2042,79215
2043,79266
2044,79285
2045,79366
2046,79441
2047,79477
2048,79506
2049,79527
2050,79556
2051,79590
2052,79680
2053,79687
2054,79724
2055,79736
2056,79740
2057,79747
2058,79754
2059,79854
2060,79923
2061,79933
2062,79942
2063,79961
2064,79977
2065,80061
2066,80071
2067,80075
2068,80084
2069,80105
2070,80135
2071,80203
2072,80234
2073,80323
2074,80453
2075,80512
2076,80516
2077,80538
2078,80555
2079,80603
2080,80642
2081,80683
2082,80684
2083,80690
2084,80692
2085,80754
2086,80803
2087,80810
2088,80820
2089,80826
2090,80837
2091,80908
2092,80929
2093,80945
2094,80954
2095,80996
2096,81015
2097,81045
2098,81064
2099,81088
2100,81121
2101,81128
2102,81136
2103,81207
2104,81216
2105,81249
2106,81263
2107,81274
2108,81298
2109,81303
2110,81318
2111,81368
2112,81434
2113,81456
2114,81459
2115,81460
2116,81481
2117,81484
2118,81492
2119,81560
2120,81580
2121,81597
2122,81609
2123,81611
2124,81672
2125,81682
2126,81731
2127,81771
2128,81845
2129,81848
2130,81855
2131,81950
2132,81977
2133,82001
2134,82080
2135,82123
2136,82164
2137,82171
2138,82407
2139,82497
2140,82511
2141,82608
2142,82659
2143,82673
2144,82795
2145,82808
2146,82825
2147,82831
2148,82893
2149,82942
2150,82955
2151,82968
2152,83109
2153,83110
2154,83156
2155,83166
2156,83178
2157,83235
2158,83239
2159,83252
2160,83287
2161,83306
2162,83314
2163,83383
2164,83428
2165,83431
2166,83443
2167,83496
2168,83589
2169,83637
2170,83646
2171,83671
2172,83743
2173,83754
2174,83775
2175,83842
2176,83880
2177,83971
2178,84024
2179,84111
2180,84126
2181,84146
2182,84178
2183,84201
2184,84308
2185,84423
2186,84427
2187,84476
2188,84479
2189,84523
2190,84627
2191,84639
2192,84727
2193,84729
2194,84795
2195,84820
2196,84831
2197,84847
2198,84866
2199,84867
2200,84882
2201,84897
2202,84900
2203,85033
2204,85043
2205,85097
2206,85256
2207,85280
2208,85294
2209,85367
2210,85426
2211,85433
2212,85502
2213,85510
2214,85526
2215,85534
2216,85554
2217,85587
2218,85616
2219,85656
2220,85701
2221,85757
2222,85851
2223,85872
2224,85944
2225,85962
2226,85992
2227,85993
2228,86033
2229,86051
2230,86093
2231,86123
2232,86136
2233,86145
2234,86170
2235,86189
2236,86202
2237,86242
2238,86243
2239,86263
2240,86276
2241,86392
2242,86408
2243,86419
2244,86489
2245,86548
2246,86555
2247,86583
2248,86641
2249,86680
2250,86683
2251,86720
2252,86792
2253,86835
2254,86947
2255,86959
2256,86965
2257,86969
2258,87051
2259,87108
2260,87114
2261,87141
2262,87155
2263,87302
2264,87351
2265,87401
2266,87540
2267,87549
2268,87555
2269,87579
2270,87688
2271,87690
2272,87707
2273,87712
2274,87729
2275,87820
2276,87911
2277,87929
2278,87938
2279,87949
2280,87964
2281,87974
2282,88109
2283,88122
2284,88170
2285,88187
2286,88229
2287,88283
2288,88288
2289,88330
2290,88389
2291,88412
2292,88416
2293,88435
2294,88605
2295,88620
2296,88652
2297,88677
2298,88686
2299,88693
2300,88733
2301,88738
2302,88767
2303,88793
2304,88937
2305,88979
2306,88993
2307,89014
2308,89192
2309,89207
2310,89307
2311,89339
2312,89361
2313,89391
2314,89507
2315,89551
2316,89558
2317,89602
2318,89634
2319,89761
2320,89851
2321,89852
2322,89867
2323,89869
2324,89891
2325,89917
2326,89922
2327,90049
2328,90075
2329,90105
2330,90134
2331,90137
2332,90174
2333,90192
2334,90198
2335,90232
2336,90277
2337,90286
2338,90391
2339,90417
2340,90423
2341,90467
2342,90471
2343,90481
2344,90517
2345,90614
2346,90616
2347,90653
2348,90657
2349,90694
2350,90731
2351,90743
2352,90766
2353,90776
2354,90839
2355,90915
2356,91002
2357,91017
2358,91023
2359,91026
2360,91058
2361,91103
2362,91113
2363,91119
2364,91130
2365,91165
2366,91184
2367,91203
2368,91266
2369,91341
2370,91342
2371,91423
2372,91425
2373,91449
2374,91478
2375,91491
2376,91576
2377,91627
2378,91631
2379,91633
2380,91634
2381,91647
2382,91692
2383,91719
2384,91761
2385,91832
2386,91838
2387,91931
2388,92079
2389,92132
2390,92152
2391,92156
2392,92316
2393,92398
2394,92399
2395,92405
2396,92498
2397,92547
2398,92637
2399,92652
2400,92674
2401,92693
2402,92696
2403,92804
2404,92810
2405,92853
2406,92861
2407,92869
2408,92979
2409,93034
2410,93046
2411,93047
2412,93085
2413,93092
2414,93105
2415,93114
2416,93130
2417,93141
2418,93147
2419,93179
2420,93241
2421,93245
2422,93257
2423,93355
2424,93358
2425,93363
2426,93364
2427,93370
2428,93377
2429,93426
2430,93453
2431,93483
2432,93565
2433,93591
2434,93629
2435,93631
2436,93636
2437,93691
2438,93698
2439,93711
2440,93732
2441,93794
2442,93872
2443,93985
2444,94023
2445,94153
2446,94173
2447,94209
2448,94213
2449,94242
2450,94263
2451,94290
2452,94307
2453,94334
2454,94347
2455,94396
2456,94455
2457,94494
2458,94529
2459,94630
2460,94651
2461,94730
2462,94781
2463,94787
2464,94815
2465,94818
2466,94853
2467,94923
2468,94951
2469,94952
2470,94965
2471,94978
2472,94985
2473,94997
2474,95010
2475,95025
2476,95043
2477,95095
2478,95173
2479,95193
2480,95226
2481,95250
2482,95261
2483,95301
2484,95316
2485,95353
2486,95359
2487,95393
2488,95452
2489,95492
2490,95506
2491,95509
2492,95525
2493,95574
2494,95593
2495,95781
2496,95800
2497,95888
2498,95903
2499,95907
2500,95915
2501,95921
2502,95923
2503,95932
2504,95991
2505,96019
2506,96054
2507,96320
2508,96335
2509,96357
2510,96440
2511,96448
2512,96474
2513,96493
2514,96521
2515,96554
2516,96608
2517,96659
2518,96679
2519,96744
2520,96771
2521,96776
2522,96869
2523,96876
2524,96880
2525,96913
2526,96936
2527,96954
2528,96970
2529,96989
2530,97160
2531,97179
2532,97198
2533,97208
2534,97290
2535,97324
2536,97343
2537,97423
2538,97515
2539,97598
2540,97653
2541,97694
2542,97721
2543,97754
2544,97833
2545,97848
2546,97874
2547,97906
2548,97945
2549,97972
2550,98026
2551,98159
2552,98207
2553,98256
2554,98263
2555,98297
2556,98322
2557,98344
2558,98356
2559,98391
2560,98422
2561,98428
2562,98440
2563,98443
2564,98484
2565,98525
2566,98547
2567,98575
2568,98628
2569,98647
2570,98655
2571,98686
2572,98722
2573,98723
2574,98741
2575,98758
2576,98783
2577,98787
2578,98861
2579,98887
2580,98904
2581,98923
2582,98930
2583,98943
2584,98958
2585,98988
2586,99026
2587,99032
2588,99102
2589,99146
2590,99193
2591,99196
2592,99204
2593,99222
2594,99227
2595,99268
2596,99281
2597,99312
2598,99313
2599,99314
2600,99347
2601,99390
2602,99441
2603,99469
2604,99523
2605,99630
2606,99720
2607,99738
2608,99946
2609,99955
2610,99996
2611,100009
2612,100066
2613,100088
2614,100098
2615,100115
2616,100119
2617,100227
2618,100251
2619,100264
2620,100361
2621,100393
2622,100454
2623,100459
2624,100519
2625,100578
2626,100644
2627,100648
2628,100782
2629,100783
2630,100815
2631,100846
2632,100906
2633,100964
2634,100984
2635,101035
2636,101081
2637,101091
2638,101141
2639,101196
2640,101209
2641,101214
2642,101242
2643,101304
2644,101305
2645,101336
2646,101517
2647,101550
2648,101606
2649,101614
2650,101620
2651,101666
2652,101696
2653,101699
2654,101731
2655,101741
2656,101851
2657,101874
2658,101876
2659,101887
2660,101988
2661,102019
2662,102029
2663,102032
2664,102033
2665,102129
2666,102130
2667,102154
2668,102164
2669,102189
2670,102196
2671,102220
2672,102275
2673,102284
2674,102359
2675,102375
2676,102399
2677,102505
2678,102532
2679,102564
2680,102642
2681,102647
2682,102668
2683,102676
2684,102702
2685,102705
2686,102719
2687,102772
2688,102844
2689,102939
2690,102945
2691,102967
2692,103144
2693,103304
2694,103315
2695,103336
2696,103445
2697,103467
2698,103496
2699,103541
2700,103577
2701,103624
2702,103656
2703,103811
2704,103935
2705,104051
2706,104058
2707,104098
2708,104113
2709,104144
2710,104168
2711,104211
2712,104236
2713,104243
2714,104268
2715,104278
2716,104311
2717,104334
2718,104362
2719,104399
2720,104413
2721,104429
2722,104505
2723,104517
2724,104550
2725,104569
2726,104588
2727,104604
2728,104636
2729,104657
2730,104665
2731,104759
2732,104812
2733,104880
2734,104925
2735,105028
2736,105054
2737,105058
2738,105098
2739,105100
2740,105108
2741,105115
2742,105128
2743,105187
2744,105214
2745,105221
2746,105262
2747,105295
2748,105317
2749,105374
2750,105381
2751,105476
2752,105517
2753,105535
2754,105536
2755,105572
2756,105576
2757,105596
2758,105627
2759,105745
2760,105795
2761,105813
2762,105937
2763,105956
2764,105968
2765,105979
2766,105987
2767,106007
2768,106018
2769,106059
2770,106078
2771,106114
2772,106131
2773,106179
2774,106208
2775,106225
2776,106280
2777,106294
2778,106331
2779,106369
2780,106406
2781,106768
2782,106803
2783,106816
2784,106821
2785,106845
2786,106849
2787,106893
2788,106895
2789,106946
2790,106950
2791,106954
2792,106988
2793,107021
2794,107044
2795,107099
2796,107208
2797,107234
2798,107244
2799,107258
2800,107270
2801,107301
2802,107324
2803,107326
2804,107453
2805,107491
2806,107510
2807,107514
2808,107523
2809,107540
2810,107645
2811,107718
2812,107780
2813,107784
2814,107865
2815,107889
2816,107921
2817,107951
2818,107984
2819,108005
2820,108143
2821,108155
2822,108197
2823,108213
2824,108243
2825,108261
2826,108267
2827,108285
2828,108336
2829,108352
2830,108379
2831,108392
2832,108405
2833,108480
2834,108485
2835,108487
2836,108535
2837,108563
2838,108685
2839,108752
2840,108753
2841,108763
2842,108773
2843,108799
2844,108827
2845,108836
2846,108950
2847,109013
2848,109040
2849,109049
2850,109107
2851,109115
2852,109122
2853,109180
2854,109223
2855,109278
2856,109287
2857,109349
2858,109357
2859,109388
2860,109403
2861,109427
2862,109461
2863,109491
2864,109516
2865,109519
2866,109562
2867,109574
2868,109605
2869,109741
2870,109779
2871,109783
2872,109864
2873,109899
2874,109901
2875,109955
2876,110029
2877,110040
2878,110076
2879,110093
2880,110110
2881,110112
2882,110160
2883,110165
2884,110208
2885,110214
2886,110267
2887,110308
2888,110317
2889,110349
2890,110361
2891,110367
2892,110373
2893,110382
2894,110440
2895,110483
2896,110558
2897,110609
2898,110746
2899,110853
2900,110887
2901,110912
2902,110934
2903,110973
2904,111019
2905,111035
2906,111133
2907,111166
2908,111174
2909,111190
2910,111241
2911,111261
2912,111286
2913,111288
2914,111434
2915,111536
2916,111578
2917,111634
2918,111637
2919,111704
2920,111747
2921,111816
2922,111847
2923,111888
2924,111924
2925,111944
2926,111947
2927,112001
2928,112026
2929,112083
2930,112093
2931,112109
2932,112173
2933,112199
2934,112240
2935,112298
2936,112401
2937,112408
2938,112412
2939,112502
2940,112512
2941,112541
2942,112559
2943,112672
2944,112709
2945,112761
2946,112765
2947,112818
2948,112845
2949,112881
2950,112914
2951,112953
2952,112979
2953,113030
2954,113241
2955,113270
2956,113277
2957,113279
2958,113292
2959,113334
2960,113364
2961,113435
2962,113475
2963,113519
2964,113531
2965,113657
2966,113661
2967,113663
2968,113752
2969,113817
2970,113904
2971,113944
2972,113955
2973,113966
2974,113983
2975,114007
2976,114075
2977,114085
2978,114089
2979,114178
2980,114200
2981,114216
2982,114217
2983,114258
2984,114265
2985,114279
2986,114306
2987,114368
2988,114378
2989,114414
2990,114444
2991,114446
2992,114544
2993,114581
2994,114611
2995,114629
2996,114634
2997,114655
2998,114699
2999,114700
3000,114813
3001,114865
3002,114868
3003,114893
3004,114988
3005,115002
3006,115003
3007,115006
3008,115097
3009,115120
3010,115180
3011,115224
3012,115435
3013,115473
3014,115488
3015,115490
3016,115503
3017,115537
3018,115552
3019,115572
3020,115589
3021,115678
3022,115679
3023,115682
3024,115692
3025,115700
3026,115759
3027,115841
3028,115907
3029,115929
3030,115953
3031,115963
3032,115971
3033,115998
3034,116005
3035,116006
3036,116031
3037,116090
3038,116122
3039,116123
3040,116183
3041,116301
3042,116313
3043,116395
3044,116428
3045,116433
3046,116521
3047,116537
3048,116555
3049,116582
3050,116599
3051,116676
3052,116744
3053,116758
3054,116816
3055,116866
3056,116897
3057,116904
3058,116931
3059,117111
3060,117115
3061,117132
3062,117159
3063,117210
3064,117251
3065,117256
3066,117318
3067,117384
3068,117539
3069,117543
3070,117577
3071,117593
3072,117594
3073,117683
3074,117700
3075,117873
3076,117925
3077,117963
3078,118135
3079,118228
3080,118275
3081,118320
3082,118333
3083,118414
3084,118434
3085,118484
3086,118489
3087,118528
3088,118533
3089,118587
3090,118628
3091,118677
3092,118856
3093,118881
3094,118985
3095,119027
3096,119115
3097,119168
3098,119248
3099,119326
3100,119364
3101,119369
3102,119488
3103,119505
3104,119517
3105,119575
3106,119582
3107,119590
3108,119594
3109,119631
3110,119654
3111,119671
3112,119725
3113,119749
3114,119858
3115,119859
3116,120080
3117,120082
3118,120093
3119,120137
3120,120155
3121,120178
3122,120332
3123,120333
3124,120396
3125,120548
3126,120565
3127,120588
3128,120598
3129,120610
3130,120696
3131,120709
3132,120735
3133,120807
3134,120828
3135,120829
3136,120860
3137,120873
3138,120892
3139,120908
3140,120985
3141,121065
3142,121083
3143,121119
3144,121120
3145,121135
3146,121167
3147,121170
3148,121251
3149,121264
3150,121275
3151,121398
3152,121547
3153,121592
3154,121594
3155,121606
3156,121667
3157,121726
3158,121817
3159,121941
3160,121986
3161,122037
3162,122045
3163,122096
3164,122321
3165,122386
3166,122429
3167,122440
3168,122506
3169,122542
3170,122625
3171,122660
3172,122716
3173,122782
3174,122784
3175,122793
3176,122801
3177,122867
3178,122881
3179,122958
3180,123056
3181,123094
3182,123095
3183,123143
3184,123154
3185,123160
3186,123203
3187,123215
3188,123228
3189,123257
3190,123430
3191,123460
3192,123468
3193,123500
3194,123501
3195,123503
3196,123510
3197,123515
3198,123543
3199,123544
3200,123597
3201,123608
3202,123625
3203,123649
3204,123700
3205,123724
3206,123744
3207,123790
3208,123825
3209,123867
3210,123883
3211,123981
3212,123988
3213,124010
3214,124048
3215,124066
3216,124078
3217,124079
3218,124089
3219,124175
3220,124259
3221,124298
3222,124310
3223,124322
3224,124363
3225,124474
3226,124487
3227,124597
3228,124617
3229,124688
3230,124692
3231,124717
3232,124720
3233,124732
3234,124747
3235,124769
3236,124852
3237,124874
3238,124876
3239,124888
3240,124915
3241,124942
3242,124983
3243,124989
3244,125031
3245,125039
3246,125060
3247,125063
3248,125156
3249,125203
3250,125216
3251,125217
3252,125276
3253,125287
3254,125303
3255,125396
3256,125411
3257,125514
3258,125519
3259,125538
3260,125540
3261,125692
3262,125736
3263,125774
3264,125779
3265,125798
3266,125808
3267,125826
3268,125878
3269,125892
3270,125928
3271,126053
3272,126149
3273,126196
3274,126240
3275,126296
3276,126388
3277,126395
3278,126487
3279,126492
3280,126585
3281,126588
3282,126604
3283,126693
3284,126697
3285,126726
3286,126736
3287,126747
3288,126803
3289,126810
3290,126812
3291,126814
3292,126827
3293,126849
3294,126860
3295,126903
3296,126911
3297,126985
3298,127024
3299,127049
3300,127122
3301,127129
3302,127131
3303,127168
3304,127171
3305,127190
3306,127200
3307,127203
3308,127233
3309,127359
3310,127384
3311,127404
3312,127481
3313,127505
3314,127519
3315,127564
3316,127621
3317,127648
3318,127719
3319,127779
3320,127782
3321,127826
3322,127914
3323,128014
3324,128033
3325,128040
3326,128045
3327,128060
3328,128085
3329,128119
3330,128122
3331,128208
3332,128276
3333,128325
3334,128331
3335,128332
3336,128362
3337,128406
3338,128434
3339,128464
3340,128543
3341,128693
3342,128696
3343,128710
3344,128732
3345,128782
3346,128835
3347,128841
3348,128915
3349,129008
3350,129074
3351,129084
3352,129114
3353,129289
3354,129338
3355,129358
3356,129368
3357,129373
3358,129393
3359,129399
3360,129444
3361,129465
3362,129489
3363,129494
3364,129503
3365,129531
3366,129690
3367,129716
3368,129851
3369,129883
3370,130166
3371,130168
3372,130438
3373,130474
3374,130482
3375,130493
3376,130543
3377,130554
3378,130570
3379,130571
3380,130581
3381,130636
3382,130658
3383,130705
3384,130710
3385,130784
3386,130792
3387,130837
3388,130847
3389,130866
3390,130950
3391,130961
3392,131023
3393,131027
3394,131032
3395,131039
3396,131046
3397,131099
3398,131126
3399,131154
3400,131233
3401,131238
3402,131317
3403,131363
3404,131402
3405,131437
3406,131441
3407,131510
3408,131594
3409,131622
3410,131657
3411,131675
3412,131686
3413,131837
3414,131855
3415,131913
3416,131974
3417,132083
3418,132171
3419,132173
3420,132188
3421,132199
3422,132203
3423,132282
3424,132371
3425,132375
3426,132392
3427,132492
3428,132500
3429,132522
3430,132572
3431,132582
3432,132663
3433,132684
3434,132716
3435,132786
3436,132836
3437,132846
3438,132851
3439,132901
3440,132909
3441,132930
3442,133034
3443,133041
3444,133166
3445,133192
3446,133225
3447,133258
3448,133272
3449,133284
3450,133296
3451,133416
3452,133417
3453,133418
3454,133567
3455,133571
3456,133682
3457,133689
3458,133706
3459,133738
3460,133747
3461,133905
3462,133935
3463,133957
3464,134005
3465,134118
3466,134137
3467,134247
3468,134264
3469,134278
3470,134302
3471,134311
3472,134347
3473,134403
3474,134434
3475,134467
3476,134483
3477,134508
3478,134556
3479,134596
3480,134621
3481,134641
3482,134684
3483,134694
3484,134761
3485,134784
3486,134797
3487,134837
3488,134863
3489,134948
3490,134999
3491,135043
3492,135045
3493,135061
3494,135149
3495,135170
3496,135228
3497,135265
3498,135277
3499,135329
3500,135351
3501,135360
3502,135367
3503,135376
3504,135398
3505,135411
3506,135458
3507,135469
3508,135473
3509,135609
3510,135624
3511,135653
3512,135665
3513,135673
3514,135681
3515,135703
3516,135736
3517,135753
3518,135768
3519,135776
3520,135778
3521,135799
3522,135831
3523,135869
3524,135873
3525,135895
3526,135902
3527,135919
3528,135965
3529,135975
3530,135996
3531,136010
3532,136011
3533,136037
3534,136062
3535,136071
3536,136104
3537,136139
3538,136193
3539,136205
3540,136237
3541,136240
3542,136252
3543,136255
3544,136291
3545,136306
3546,136313
3547,136326
3548,136348
3549,136371
3550,136382
3551,136425
3552,136430
3553,136465
3554,136491
3555,136561
3556,136585
3557,136735
3558,136747
3559,136829
3560,136905
3561,136916
3562,137006
3563,137082
3564,137118
3565,137137
3566,137190
3567,137211
3568,137222
3569,137327
3570,137336
3571,137348
3572,137384
3573,137397
3574,137434
3575,137437
3576,137587
3577,137588
3578,137589
3579,137620
3580,137627
3581,137684
3582,137688
3583,137742
3584,137803
3585,137816
3586,138010
3587,138018
3588,138073
3589,138097
3590,138100
3591,138124
3592,138138
3593,138176
3594,138189
3595,138193
3596,138198
3597,138202
3598,138239
3599,138301
3600,138307
3601,138379
3602,138382
3603,138393
3604,138425
3605,138441
3606,138515
3607,138525
3608,138529
3609,138543
3610,138578
3611,138602
3612,138647
3613,138674
3614,138777
3615,138844
3616,138867
3617,138883
3618,138954
3619,138985
3620,138995
3621,139031
3622,139070
3623,139126
3624,139141
3625,139209
3626,139221
3627,139222
3628,139243
3629,139287
3630,139359
3631,139387
3632,139421
3633,139462
3634,139467
3635,139480
3636,139524
3637,139586
3638,139607
3639,139706
3640,139742
3641,139827
3642,139828
3643,139835
3644,139884
3645,139904
3646,139913
3647,139934
3648,140000
3649,140005
3650,140036
3651,140069
3652,140080
3653,140167
3654,140196
3655,140223
3656,140232
3657,140255
3658,140291
3659,140294
3660,140340
3661,140341
3662,140358
3663,140410
3664,140423
3665,140478
3666,140555
3667,140662
3668,140698
3669,140758
3670,140763
3671,140822
3672,140842
3673,140863
3674,140879
3675,140974
3676,141010
3677,141047
3678,141070
3679,141089
3680,141109
3681,141127
3682,141157
3683,141201
3684,141203
3685,141210
3686,141310
3687,141322
3688,141328
3689,141444
3690,141491
3691,141493
3692,141511
3693,141543
3694,141600
3695,141601
3696,141651
3697,141710
3698,141719
3699,141805
3700,141819
3701,141871
3702,141901
3703,141902
3704,141958
3705,142005
3706,142017
3707,142024
3708,142039
3709,142041
3710,142062
3711,142065
3712,142076
3713,142121
3714,142129
3715,142134
3716,142143
3717,142212
3718,142253
3719,142256
3720,142442
3721,142454
3722,142479
3723,142524
3724,142555
3725,142579
3726,142584
3727,142600
3728,142623
3729,142649
3730,142661
3731,142671
3732,142672
3733,142680
3734,142715
3735,142745
3736,142766
3737,142772
3738,142801
3739,142823
3740,142861
3741,142973
3742,143011
3743,143103
3744,143134
3745,143163
3746,143175
3747,143211
3748,143253
3749,143294
3750,143302
3751,143415
3752,143427
3753,143497
3754,143597
3755,143609
3756,143629
3757,143668
3758,143715
3759,143743
3760,143792
3761,143809
3762,143837
3763,143909
3764,143939
3765,143964
3766,143965
3767,143968
3768,144017
3769,144038
3770,144062
3771,144194
3772,144219
3773,144223
3774,144229
3775,144241
3776,144255
3777,144315
3778,144316
3779,144318
3780,144455
3781,144478
3782,144486
3783,144516
3784,144531
3785,144555
3786,144585
3787,144619
3788,144667
3789,144699
3790,144707
3791,144727
3792,144828
3793,144899
3794,144910
3795,144925
3796,144978
3797,144997
3798,145003
3799,145109
3800,145161
3801,145165
3802,145198
3803,145218
3804,145369
3805,145449
3806,145451
3807,145543
3808,145558
3809,145619
3810,145641
3811,145644
3812,145728
3813,145737
3814,145861
3815,146057
3816,146078
3817,146083
3818,146113
3819,146175
3820,146207
3821,146230
3822,146266
3823,146298
3824,146345
3825,146348
3826,146386
3827,146421
3828,146530
3829,146564
3830,146649
3831,146778
3832,146781
3833,146803
3834,146855
3835,146932
3836,147037
3837,147045
3838,147141
3839,147166
3840,147224
3841,147307
3842,147385
3843,147420
3844,147451
3845,147475
3846,147649
3847,147678
3848,147686
3849,147687
3850,147744
3851,147752
3852,147781
3853,147803
3854,147839
3855,147847
3856,147851
3857,147900
3858,147947
3859,147965
3860,147978
3861,148028
3862,148030
3863,148121
3864,148124
3865,148142
3866,148154
3867,148191
3868,148192
3869,148199
3870,148220
3871,148258
3872,148263
3873,148314
3874,148514
3875,148559
3876,148586
3877,148590
3878,148632
3879,148662
3880,148695
3881,148712
3882,148744
3883,148798
3884,148804
3885,148847
3886,148863
3887,148898
3888,148929
3889,148934
3890,148966
3891,149035
3892,149069
3893,149071
3894,149084
3895,149120
3896,149140
3897,149204
3898,149231
3899,149361
3900,149483
3901,149510
3902,149511
3903,149647
3904,149661
3905,149690
3906,149843
3907,149893
3908,149907
3909,149908
3910,149934
3911,150067
3912,150124
3913,150316
3914,150327
3915,150364
3916,150498
3917,150554
3918,150561
3919,150587
3920,150657
3921,150661
3922,150663
3923,150697
3924,150706
3925,150762
3926,150767
3927,150890
3928,150896
3929,150932
3930,150960
3931,150968
3932,150979
3933,151002
3934,151043
3935,151098
3936,151101
3937,151104
3938,151107
3939,151139
3940,151263
3941,151370
3942,151405
3943,151415
3944,151420
3945,151503
3946,151546
3947,151589
3948,151608
3949,151653
3950,151750
3951,151762
3952,151780
3953,151790
3954,151799
3955,151800
3956,151806
3957,151824
3958,151861
3959,151991
3960,152016
3961,152099
3962,152186
3963,152206
3964,152260
3965,152309
3966,152354
3967,152409
3968,152428
3969,152435
3970,152468
3971,152483
3972,152514
3973,152562
3974,152568
3975,152579
3976,152617
3977,152645
3978,152651
3979,152696
3980,152742
3981,152770
3982,152942
3983,152946
3984,153040
3985,153042
3986,153054
3987,153091
3988,153115
3989,153174
3990,153211
3991,153249
3992,153283
3993,153322
3994,153342
3995,153361
3996,153496
3997,153513
3998,153570
3999,153620
4000,153621
4001,153653
4002,153662
4003,153718
4004,153719
4005,153723
4006,153797
4007,153865
4008,153869
4009,153927
4010,153950
4011,154031
4012,154070
4013,154126
4014,154137
4015,154176
4016,154182
4017,154345
4018,154346
4019,154354
4020,154409
4021,154441
4022,154460
4023,154469
4024,154487
4025,154529
4026,154543
4027,154553
4028,154592
4029,154730
4030,154773
4031,154781
4032,154791
4033,154844
4034,154944
4035,154975
4036,154992
4037,155000
4038,155014
4039,155027
4040,155035
4041,155141
4042,155147
4043,155219
4044,155332
4045,155343
4046,155349
4047,155376
4048,155444
4049,155450
4050,155495
4051,155580
4052,155650
4053,155680
4054,155733
4055,155743
4056,155778
4057,155807
4058,155810
4059,155913
4060,155916
4061,156020
4062,156096
4063,156111
4064,156150
4065,156163
4066,156214
4067,156269
4068,156300
4069,156424
4070,156462
4071,156467
4072,156510
4073,156534
4074,156566
4075,156584
4076,156659
4077,156670
4078,156706
4079,156736
4080,156765
4081,156837
4082,156971
4083,156972
4084,157018
4085,157082
4086,157118
4087,157127
4088,157163
4089,157247
4090,157252
4091,157273
4092,157290
4093,157380
4094,157468
4095,157594
4096,157625
4097,157655
4098,157660
4099,157799
4100,157811
4101,158033
4102,158043
4103,158100
4104,158103
4105,158226
4106,158254
4107,158295
4108,158339
4109,158344
4110,158361
4111,158385
4112,158433
4113,158454
4114,158506
4115,158509
4116,158606
4117,158615
4118,158627
4119,158714
4120,158774
4121,158846
4122,158867
4123,158984
4124,158998
4125,159004
4126,159033
4127,159137
4128,159211
4129,159230
4130,159259
4131,159283
4132,159333
4133,159390
4134,159428
4135,159455
4136,159506
4137,159720
4138,159732
4139,159754
4140,159817
4141,159822
4142,159834
4143,159858
4144,159860
4145,159863
4146,159868
4147,159950
4148,159977
4149,160032
4150,160062
4151,160154
4152,160200
4153,160231
4154,160295
4155,160378
4156,160401
4157,160434
4158,160507
4159,160541
4160,160548
4161,160558
4162,160571
4163,160574
4164,160681
4165,160735
4166,160746
4167,160803
4168,160819
4169,160994
4170,161037
4171,161039
4172,161041
4173,161200
4174,161234
4175,161265
4176,161299
4177,161348
4178,161373
4179,161467
4180,161511
4181,161577
4182,161662
4183,161677
4184,161744
4185,161750
4186,161752
4187,161755
4188,161831
4189,161870
4190,161872
4191,161873
4192,161882
4193,161903
4194,161936
4195,161974
4196,161986
4197,162001
4198,162019
4199,162030
4200,162052
4201,162121
4202,162155
4203,162219
4204,162306
4205,162311
4206,162376
4207,162380
4208,162496
4209,162538
4210,162562
4211,162564
4212,162590
4213,162626
4214,162639
4215,162671
4216,162738
4217,162762
4218,162780
4219,162827
4220,162840
4221,162861
4222,162886
4223,163052
4224,163128
4225,163202
4226,163307
4227,163319
4228,163326
4229,163329
4230,163358
4231,163419
4232,163430
4233,163433
4234,163443
4235,163467
4236,163488
4237,163534
4238,163570
4239,163600
4240,163612
4241,163676
4242,163751
4243,163759
4244,163761
4245,163804
4246,163824
4247,163851
4248,163876
4249,163973
4250,164008
4251,164027
4252,164036
4253,164061
4254,164096
4255,164301
4256,164323
4257,164418
4258,164465
4259,164480
4260,164492
4261,164533
4262,164549
4263,164581
4264,164584
4265,164675
4266,164706
4267,164728
4268,164828
4269,164870
4270,164905
4271,164926
4272,164944
4273,165073
4274,165183
4275,165232
4276,165267
4277,165268
4278,165308
4279,165319
4280,165345
4281,165420
4282,165503
4283,165507
4284,165516
4285,165558
4286,165576
4287,165582
4288,165609
4289,165669
4290,165728
4291,165758
4292,165759
4293,165806
4294,165838
4295,165866
4296,165884
4297,165914
4298,165987
4299,166017
4300,166123
4301,166141
4302,166287
4303,166363
4304,166391
4305,166409
4306,166492
4307,166546
4308,166569
4309,166596
4310,166646
4311,166758
4312,166824
4313,166825
4314,166828
4315,166830
4316,166922
4317,167012
4318,167038
4319,167052
4320,167166
4321,167189
4322,167327
4323,167349
4324,167436
4325,167471
4326,167478
4327,167492
4328,167494
4329,167507
4330,167517
4331,167521
4332,167556
4333,167562
4334,167587
4335,167611
4336,167614
4337,167625
4338,167678
4339,167722
4340,167746
4341,167761
4342,167768
4343,167782
4344,167790
4345,167800
4346,167812
4347,167813
4348,167844
4349,167944
4350,168029
4351,168034
4352,168036
4353,168047
4354,168064
4355,168129
4356,168144
4357,168212
4358,168216
4359,168245
4360,168307
4361,168336
4362,168387
4363,168388
4364,168438
4365,168464
4366,168478
4367,168545
4368,168642
4369,168736
4370,168816
4371,168954
4372,168971
4373,168985
4374,168999
4375,169006
4376,169027
4377,169054
4378,169057
4379,169192
4380,169223
4381,169233
4382,169243
4383,169249
4384,169282
4385,169309
4386,169310
4387,169357
4388,169400
4389,169403
4390,169438
4391,169600
4392,169663
4393,169682
4394,169699
4395,169735
4396,169770
4397,169779
4398,169781
4399,169824
4400,169934
4401,170012
4402,170073
4403,170077
4404,170118
4405,170154
4406,170158
4407,170184
4408,170227
4409,170229
4410,170255
4411,170256
4412,170264
4413,170415
4414,170493
4415,170499
4416,170509
4417,170513
4418,170518
4419,170522
4420,170527
4421,170575
4422,170595
4423,170634
4424,170724
4425,170742
4426,170762
4427,170767
4428,170792
4429,170810
4430,170850
4431,170861
4432,170866
4433,170869
4434,170947
4435,171007
4436,171031
4437,171045
4438,171050
4439,171065
4440,171078
4441,171082
4442,171118
4443,171157
4444,171165
4445,171235
4446,171295
4447,171445
4448,171555
4449,171569
4450,171602
4451,171638
4452,171783
4453,171818
4454,171846
4455,171904
4456,171968
4457,171970
4458,171986
4459,172010
4460,172030
4461,172061
4462,172091
4463,172119
4464,172128
4465,172203
4466,172216
4467,172233
4468,172331
4469,172370
4470,172374
4471,172406
4472,172462
4473,172486
4474,172512
4475,172539
4476,172613
4477,172634
4478,172676
4479,172700
4480,172742
4481,172760
4482,172865
4483,172888
4484,172962
4485,173018
4486,173053
4487,173111
4488,173122
4489,173131
4490,173225
4491,173253
4492,173291
4493,173343
4494,173415
4495,173481
4496,173486
4497,173517
4498,173632
4499,173650
4500,173679
4501,173684
4502,173728
4503,173773
4504,173835
4505,173860
4506,173930
4507,173951
4508,173999
4509,174034
4510,174062
4511,174072
4512,174092
4513,174140
4514,174142
4515,174151
4516,174179
4517,174195
4518,174216
4519,174304
4520,174326
4521,174375
4522,174428
4523,174501
4524,174534
4525,174596
4526,174601
4527,174615
4528,174625
4529,174633
4530,174683
4531,174700
4532,174726
4533,174791
4534,174827
4535,174830
4536,174848
4537,174892
4538,174897
4539,174914
4540,174916
4541,174918
4542,174987
4543,175000
4544,175003
4545,175052
4546,175070
4547,175100
4548,175101
4549,175117
4550,175205
4551,175254
4552,175271
4553,175278
4554,175287
4555,175367
4556,175399
4557,175485
4558,175493
4559,175510
4560,175529
4561,175536
4562,175576
4563,175636
4564,175978
4565,176037
4566,176062
4567,176094
4568,176100
4569,176102
4570,176110
4571,176214
4572,176256
4573,176348
4574,176459
4575,176481
4576,176486
4577,176526
4578,176597
4579,176667
4580,176838
4581,176875
4582,176879
4583,176887
4584,176894
4585,176902
4586,176903
4587,176978
4588,177040
4589,177072
4590,177073
4591,177090
4592,177091
4593,177157
4594,177180
4595,177186
4596,177195
4597,177233
4598,177277
4599,177284
4600,177295
4601,177349
4602,177374
4603,177375
4604,177405
4605,177432
4606,177451
4607,177458
4608,177492
4609,177569
4610,177590
4611,177660
4612,177683
4613,177690
4614,177862
4615,177876
4616,177879
4617,178032
4618,178035
4619,178056
4620,178079
4621,178093
4622,178130
4623,178151
4624,178181
4625,178199
4626,178201
4627,178223
4628,178240
4629,178322
4630,178356
4631,178485
4632,178522
4633,178570
4634,178597
4635,178667
4636,178733
4637,178797
4638,178880
4639,178890
4640,178905
4641,178914
4642,178920
4643,178950
4644,178961
4645,179019
4646,179068
4647,179075
4648,179118
4649,179147
4650,179216
4651,179288
4652,179327
4653,179423
4654,179433
4655,179501
4656,179532
4657,179641
4658,179688
4659,179718
4660,179730
4661,179733
4662,179734
4663,179739
4664,179741
4665,179744
4666,179772
4667,179791
4668,179826
4669,179857
4670,179906
4671,179939
4672,179978
4673,180032
4674,180042
4675,180280
4676,180348
4677,180378
4678,180495
4679,180571
4680,180586
4681,180591
4682,180651
4683,180779
4684,180801
4685,180840
4686,180860
4687,180925
4688,180957
4689,181011
4690,181076
4691,181077
4692,181103
4693,181120
4694,181165
4695,181176
4696,181212
4697,181223
4698,181254
4699,181436
4700,181473
4701,181496
4702,181532
4703,181666
4704,181687
4705,181691
4706,181714
4707,181736
4708,181796
4709,181870
4710,181948
4711,181956
4712,181995
4713,182025
4714,182053
4715,182085
4716,182086
4717,182088
4718,182101
4719,182117
4720,182164
4721,182180
4722,182202
4723,182229
4724,182334
4725,182345
4726,182393
4727,182403
4728,182414
4729,182425
4730,182429
4731,182442
4732,182459
4733,182506
4734,182527
4735,182599
4736,182642
4737,182746
4738,182819
4739,182838
4740,182847
4741,182931
4742,182969
4743,182987
4744,182993
4745,183046
4746,183061
4747,183088
4748,183101
4749,183103
4750,183142
4751,183146
4752,183171
4753,183178
4754,183187
4755,183196
4756,183277
4757,183284
4758,183287
4759,183347
4760,183436
4761,183476
4762,183524
4763,183532
4764,183537
4765,183540
4766,183566
4767,183572
4768,183722
4769,183730
4770,183740
4771,183753
4772,183883
4773,183952
4774,183958
4775,183963
4776,183995
4777,184121
4778,184190
4779,184196
4780,184202
4781,184279
4782,184299
4783,184305
4784,184310
4785,184365
4786,184386
4787,184401
4788,184424
4789,184465
4790,184479
4791,184513
4792,184532
4793,184629
4794,184632
4795,184661
4796,184789
4797,184845
4798,184871
4799,184890
4800,184904
4801,184985
4802,184990
4803,185011
4804,185087
4805,185119
4806,185140
4807,185147
4808,185154
4809,185176
4810,185233
4811,185254
4812,185258
4813,185275
4814,185296
4815,185308
4816,185313
4817,185384
4818,185448
4819,185497
4820,185514
4821,185528
4822,185538
4823,185580
4824,185634
4825,185671
4826,185677
4827,185722
4828,185771
4829,186003
4830,186039
4831,186115
4832,186238
4833,186312
4834,186334
4835,186362
4836,186457
4837,186527
4838,186547
4839,186570
4840,186601
4841,186736
4842,186762
4843,186784
4844,186807
4845,186831
4846,186837
4847,186848
4848,186899
4849,186969
4850,187029
4851,187065
4852,187145
4853,187256
4854,187333
4855,187397
4856,187410
4857,187425
4858,187517
4859,187520
4860,187574
4861,187598
4862,187613
4863,187624
4864,187747
4865,187762
4866,187763
4867,187801
4868,187805
4869,187822
4870,187835
4871,187844
4872,187863
4873,187871
4874,187904
4875,187981
4876,187990
4877,188010
4878,188022
4879,188027
4880,188038
4881,188106
4882,188171
4883,188273
4884,188280
4885,188369
4886,188379
4887,188421
4888,188483
4889,188484
4890,188490
4891,188513
4892,188518
4893,188558
4894,188583
4895,188589
4896,188598
4897,188658
4898,188659
4899,188676
4900,188696
4901,188796
4902,188799
4903,188878
4904,188951
4905,189005
4906,189066
4907,189080
4908,189104
4909,189115
4910,189120
4911,189139
4912,189151
4913,189235
4914,189320
4915,189334
4916,189392
4917,189474
4918,189516
4919,189541
4920,189558
4921,189569
4922,189665
4923,189666
4924,189722
4925,189733
4926,189789
4927,189813
4928,189835
4929,189848
4930,189855
4931,189973
4932,190185
4933,190265
4934,190298
4935,190347
4936,190350
4937,190374
4938,190422
4939,190448
4940,190459
4941,190533
4942,190708
4943,190741
4944,190789
4945,190807
4946,190831
4947,190844
4948,190885
4949,190923
4950,190925
4951,190939
4952,191014
4953,191093
4954,191126
4955,191165
4956,191166
4957,191188
4958,191247
4959,191428
4960,191523
4961,191560
4962,191575
4963,191578
4964,191694
4965,191716
4966,191720
4967,191756
4968,191775
4969,191803
4970,191865
4971,191875
4972,191881
4973,191883
4974,191968
4975,192093
4976,192101
4977,192119
4978,192121
4979,192158
4980,192185
4981,192191
4982,192211
4983,192230
4984,192244
4985,192245
4986,192308
4987,192353
4988,192428
4989,192460
4990,192462
4991,192479
4992,192492
4993,192710
4994,192739
4995,193106
4996,193131
4997,193148
4998,193220
4999,193248
5000,193337
5001,193350
5002,193412
5003,193428
5004,193458
5005,193469
5006,193470
5007,193482
5008,193499
5009,193529
5010,193533
5011,193560
5012,193664
5013,193676
5014,193738
5015,193744
5016,193746
5017,193750
5018,193769
5019,193778
5020,193798
5021,193898
5022,194027
5023,194129
5024,194146
5025,194172
5026,194229
5027,194287
5028,194358
5029,194500
5030,194514
5031,194519
5032,194600
5033,194605
5034,194614
5035,194636
5036,194637
5037,194639
5038,194646
5039,194669
5040,194676
5041,194699
5042,194803
5043,194864
5044,194957
5045,195008
5046,195016
5047,195049
5048,195057
5049,195079
5050,195116
5051,195247
5052,195374
5053,195386
5054,195455
5055,195469
5056,195694
5057,195714
5058,195716
5059,195770
5060,195904
5061,195943
5062,195965
5063,196018
5064,196031
5065,196047
5066,196050
5067,196052
5068,196053
5069,196077
5070,196106
5071,196108
5072,196113
5073,196137
5074,196146
5075,196148
5076,196149
5077,196160
5078,196191
5079,196253
5080,196261
5081,196282
5082,196443
5083,196457
5084,196466
5085,196493
5086,196502
5087,196598
5088,196621
5089,196656
5090,196702
5091,196738
5092,196775
5093,196821
5094,196886
5095,196891
5096,196930
5097,197000
5098,197012
5099,197189
5100,197206
5101,197293
5102,197364
5103,197410
5104,197424
5105,197425
5106,197502
5107,197659
5108,197664
5109,197687
5110,197775
5111,197866
5112,197913
5113,197939
5114,197997
5115,198011
5116,198012
5117,198046
5118,198114
5119,198177
5120,198213
5121,198355
5122,198483
5123,198515
5124,198547
5125,198557
5126,198692
5127,198711
5128,198726
5129,198755
5130,198760
5131,198767
5132,198781
5133,198840
5134,198930
5135,198937
5136,198982
5137,198996
5138,199016
5139,199025
5140,199041
5141,199075
5142,199092
5143,199095
5144,199167
5145,199178
5146,199180
5147,199209
5148,199336
5149,199353
5150,199357
5151,199416
5152,199431
5153,199515
5154,199572
5155,199590
5156,199772
5157,199795
5158,199857
5159,199871
5160,199898
5161,199901
5162,199928
5163,200009
5164,200196
5165,200206
5166,200226
5167,200238
5168,200245
5169,200248
5170,200315
5171,200323
5172,200394
5173,200402
5174,200422
5175,200493
5176,200556
5177,200557
5178,200568
5179,200585
5180,200643
5181,200674
5182,200772
5183,200814
5184,200876
5185,200978
5186,200993
5187,201017
5188,201036
5189,201042
5190,201058
5191,201128
5192,201141
5193,201290
5194,201323
5195,201353
5196,201447
5197,201475
5198,201519
5199,201526
5200,201537
5201,201548
5202,201557
5203,201593
5204,201641
5205,201674
5206,201677
5207,201684
5208,201697
5209,201714
5210,201763
5211,201768
5212,201776
5213,201783
5214,201792
5215,201923
5216,201969
5217,202000
5218,202036
5219,202046
5220,202063
5221,202127
5222,202173
5223,202182
5224,202195
5225,202212
5226,202257
5227,202277
5228,202353
5229,202358
5230,202381
5231,202447
5232,202462
5233,202532
5234,202553
5235,202564
5236,202706
5237,202711
5238,202764
5239,202885
5240,202963
5241,203017
5242,203044
5243,203058
5244,203075
5245,203161
5246,203240
5247,203280
5248,203380
5249,203401
5250,203422
5251,203441
5252,203491
5253,203506
5254,203531
5255,203542
5256,203566
5257,203598
5258,203603
5259,203621
5260,203649
5261,203764
5262,203799
5263,203805
5264,203820
5265,203844
5266,203900
5267,203910
5268,204040
5269,204044
5270,204167
5271,204205
5272,204255
5273,204316
5274,204359
5275,204363
5276,204393
5277,204448
5278,204457
5279,204470
5280,204474
5281,204507
5282,204571
5283,204591
5284,204619
5285,204622
5286,204663
5287,204676
5288,204696
5289,204698
5290,204748
5291,204790
5292,204804
5293,204813
5294,204825
5295,204864
5296,204909
5297,204936
5298,204946
5299,204959
5300,204964
5301,204968
5302,205037
5303,205072
5304,205145
5305,205166
5306,205197
5307,205281
5308,205285
5309,205383
5310,205426
5311,205448
5312,205473
5313,205487
5314,205520
5315,205554
5316,205708
5317,205735
5318,205765
5319,205843
5320,205867
5321,205878
5322,205909
5323,205919
5324,205943
5325,205963
5326,205967
5327,205969
5328,205980
5329,205992
5330,206016
5331,206026
5332,206074
5333,206107
5334,206109
5335,206171
5336,206202
5337,206219
5338,206249
5339,206305
5340,206393
5341,206423
5342,206438
5343,206534
5344,206563
5345,206567
5346,206570
5347,206652
5348,206675
5349,206691
5350,206695
5351,206764
5352,206775
5353,206865
5354,206891
5355,206932
5356,206944
5357,206959
5358,206972
5359,207003
5360,207134
5361,207148
5362,207180
5363,207246
5364,207251
5365,207259
5366,207275
5367,207291
5368,207339
5369,207341
5370,207349
5371,207385
5372,207417
5373,207450
5374,207494
5375,207499
5376,207563
5377,207570
5378,207616
5379,207623
5380,207636
5381,207651
5382,207686
5383,207782
5384,207825
5385,207835
5386,207851
5387,207924
5388,207965
5389,207971
5390,208019
5391,208059
5392,208077
5393,208095
5394,208099
5395,208112
5396,208141
5397,208147
5398,208236
5399,208251
5400,208302
5401,208376
5402,208382
5403,208406
5404,208410
5405,208415
5406,208429
5407,208451
5408,208468
5409,208506
5410,208555
5411,208566
5412,208568
5413,208600
5414,208605
5415,208620
5416,208668
5417,208671
5418,208683
5419,208788
5420,208791
5421,208815
5422,208829
5423,208867
5424,208877
5425,208897
5426,208907
5427,208936
5428,208960
5429,209085
5430,209147
5431,209148
5432,209155
5433,209156
5434,209160
5435,209163
5436,209174
5437,209204
5438,209220
5439,209229
5440,209238
5441,209265
5442,209373
5443,209385
5444,209389
5445,209394
5446,209464
5447,209486
5448,209516
5449,209536
5450,209563
5451,209625
5452,209631
5453,209756
5454,209817
5455,209830
5456,209875
5457,209974
5458,210035
5459,210077
5460,210168
5461,210261
5462,210273
5463,210311
5464,210315
5465,210317
5466,210346
5467,210420
5468,210485
5469,210573
5470,210587
5471,210597
5472,210599
5473,210685
5474,210706
5475,210717
5476,210738
5477,210772
5478,210791
5479,210822
5480,210874
5481,210923
5482,210959
5483,211041
5484,211098
5485,211137
5486,211152
5487,211176
5488,211231
5489,211288
5490,211303
5491,211344
5492,211351
5493,211360
5494,211426
5495,211430
5496,211460
5497,211610
5498,211770
5499,211847
5500,211919
5501,211944
5502,211961
5503,211971
5504,211979
5505,212002
5506,212088
5507,212142
5508,212252
5509,212260
5510,212275
5511,212328
5512,212385
5513,212411
5514,212427
5515,212439
5516,212467
5517,212568
5518,212607
5519,212628
5520,212631
5521,212645
5522,212697
5523,212797
5524,212798
5525,212835
5526,212849
5527,212859
5528,212923
5529,212965
5530,212986
5531,213066
5532,213109
5533,213119
5534,213126
5535,213141
5536,213150
5537,213191
5538,213197
5539,213255
5540,213312
5541,213316
5542,213410
5543,213523
5544,213531
5545,213625
5546,213628
5547,213638
5548,213641
5549,213657
5550,213664
5551,213708
5552,213760
5553,213915
5554,213919
5555,213941
5556,213953
5557,214042
5558,214102
5559,214138
5560,214212
5561,214213
5562,214244
5563,214272
5564,214315
5565,214436
5566,214583
5567,214641
5568,214673
5569,214686
5570,214786
5571,214851
5572,214876
5573,214879
5574,214890
5575,214920
5576,215006
5577,215024
5578,215071
5579,215136
5580,215139
5581,215143
5582,215148
5583,215225
5584,215278
5585,215388
5586,215421
5587,215627
5588,215683
5589,215709
5590,215745
5591,215801
5592,215829
5593,215942
5594,215947
5595,215953
5596,215986
5597,215988
5598,216012
5599,216027
5600,216099
5601,216100
5602,216151
5603,216386
5604,216435
5605,216444
5606,216466
5607,216476
5608,216495
5609,216501
5610,216557
5611,216670
5612,216683
5613,216724
5614,216781
5615,216795
5616,216829
5617,216882
5618,216955
5619,216962
5620,217056
5621,217106
5622,217107
5623,217117
5624,217121
5625,217130
5626,217212
5627,217271
5628,217282
5629,217292
5630,217318
5631,217375
5632,217444
5633,217468
5634,217516
5635,217566
5636,217740
5637,217811
5638,217818
5639,217986
5640,217989
5641,218005
5642,218059
5643,218068
5644,218121
5645,218197
5646,218221
5647,218240
5648,218241
5649,218404
5650,218411
5651,218430
5652,218519
5653,218552
5654,218568
5655,218608
5656,218615
5657,218640
5658,218721
5659,218760
5660,218844
5661,218875
5662,218976
5663,219008
5664,219013
5665,219209
5666,219259
5667,219278
5668,219301
5669,219321
5670,219353
5671,219420
5672,219546
5673,219593
5674,219671
5675,219683
5676,219813
5677,219921
5678,219924
5679,219949
5680,219951
5681,219955
5682,219974
5683,220081
5684,220091
5685,220095
5686,220122
5687,220240
5688,220278
5689,220297
5690,220314
5691,220399
5692,220484
5693,220564
5694,220586
5695,220597
5696,220608
5697,220664
5698,220688
5699,220759
5700,220867
5701,220892
5702,220911
5703,220931
5704,221040
5705,221124
5706,221186
5707,221232
5708,221309
5709,221327
5710,221445
5711,221495
5712,221510
5713,221543
5714,221557
5715,221655
5716,221672
5717,221687
5718,221705
5719,221732
5720,221753
5721,221777
5722,221870
5723,221946
5724,221948
5725,222034
5726,222035
5727,222050
5728,222138
5729,222152
5730,222204
5731,222207
5732,222210
5733,222217
5734,222220
5735,222296
5736,222353
5737,222368
5738,222372
5739,222404
5740,222427
5741,222488
5742,222563
5743,222609
5744,222614
5745,222621
5746,222683
5747,222688
5748,222716
5749,222743
5750,222788
5751,222912
5752,222941
5753,223034
5754,223066
5755,223078
5756,223087
5757,223154
5758,223156
5759,223161
5760,223190
5761,223201
5762,223210
5763,223231
5764,223253
5765,223291
5766,223326
5767,223386
5768,223431
5769,223438
5770,223501
5771,223530
5772,223566
5773,223587
5774,223593
5775,223644
5776,223721
5777,223734
5778,223768
5779,223787
5780,223814
5781,223816
5782,223872
5783,223879
5784,223892
5785,223953
5786,223954
5787,224122
5788,224138
5789,224146
5790,224159
5791,224226
5792,224236
5793,224249
5794,224303
5795,224308
5796,224340
5797,224349
5798,224360
5799,224366
5800,224430
5801,224435
5802,224439
5803,224525
5804,224572
5805,224611
5806,224646
5807,224764
5808,224768
5809,224809
5810,224897
5811,224904
5812,224923
5813,224927
5814,224944
5815,224997
5816,225002
5817,225066
5818,225078
5819,225087
5820,225191
5821,225199
5822,225232
5823,225286
5824,225378
5825,225379
5826,225411
5827,225414
5828,225435
5829,225449
5830,225542
5831,225595
5832,225610
5833,225634
5834,225659
5835,225686
5836,225731
5837,225763
5838,225810
5839,225867
5840,225886
5841,225887
5842,225910
5843,225912
5844,225938
5845,225939
5846,225986
5847,225989
5848,225996
5849,226006
5850,226069
5851,226205
5852,226267
5853,226297
5854,226341
5855,226349
5856,226362
5857,226393
5858,226394
5859,226462
5860,226482
5861,226489
5862,226545
5863,226553
5864,226554
5865,226568
5866,226616
5867,226702
5868,226713
5869,226739
5870,226745
5871,226772
5872,226879
5873,226926
5874,226965
5875,226987
5876,227025
5877,227054
5878,227072
5879,227097
5880,227146
5881,227176
5882,227192
5883,227250
5884,227276
5885,227397
5886,227413
5887,227422
5888,227447
5889,227467
5890,227520
5891,227538
5892,227591
5893,227672
5894,227681
5895,227702
5896,227705
5897,227771
5898,227836
5899,227859
5900,227884
5901,227886
5902,227925
5903,228021
5904,228096
5905,228111
5906,228154
5907,228206
5908,228245
5909,228311
5910,228313
5911,228321
5912,228351
5913,228445
5914,228455
5915,228579
5916,228681
5917,228727
5918,228738
5919,228764
5920,228789
5921,228868
5922,228880
5923,228998
5924,229011
5925,229041
5926,229055
5927,229243
5928,229258
5929,229282
5930,229313
5931,229329
5932,229331
5933,229334
5934,229409
5935,229412
5936,229444
5937,229478
5938,229501
5939,229502
5940,229551
5941,229632
5942,229656
5943,229673
5944,229681
5945,229703
5946,229707
5947,229741
5948,229742
5949,229768
5950,230013
5951,230030
5952,230115
5953,230180
5954,230249
5955,230293
5956,230374
5957,230400
5958,230405
5959,230411
5960,230413
5961,230427
5962,230446
5963,230459
5964,230496
5965,230522
5966,230599
5967,230629
5968,230687
5969,230699
5970,230708
5971,230757
5972,230878
5973,230985
5974,230997
5975,231081
5976,231132
5977,231143
5978,231149
5979,231210
5980,231225
5981,231237
5982,231241
5983,231251
5984,231255
5985,231263
5986,231264
5987,231337
5988,231340
5989,231351
5990,231354
5991,231357
5992,231374
5993,231393
5994,231395
5995,231462
5996,231613
5997,231694
5998,231795
5999,231827
6000,231857
6001,231891
6002,231897
6003,231993
6004,232030
6005,232047
6006,232052
6007,232067
6008,232103
6009,232106
6010,232109
6011,232131
6012,232211
6013,232271
6014,232492
6015,232522
6016,232579
6017,232583
6018,232611
6019,232708
6020,232736
6021,232756
6022,232838
6023,232853
6024,232945
6025,232959
6026,232964
6027,232990
6028,233041
6029,233143
6030,233196
6031,233256
6032,233361
6033,233430
6034,233431
6035,233445
6036,233526
6037,233543
6038,233578
6039,233648
6040,233649
6041,233711
6042,233731
6043,233738
6044,233747
6045,233754
6046,233856
6047,233889
6048,233903
6049,233911
6050,233917
6051,233976
6052,234023
6053,234165
6054,234205
6055,234281
6056,234286
6057,234288
6058,234359
6059,234399
6060,234401
6061,234406
6062,234544
6063,234565
6064,234597
6065,234614
6066,234623
6067,234657
6068,234672
6069,234675
6070,234683
6071,234685
6072,234721
6073,234734
6074,234743
6075,234765
6076,234797
6077,234828
6078,234901
6079,234925
6080,234948
6081,234954
6082,235099
6083,235105
6084,235117
6085,235146
6086,235173
6087,235282
6088,235371
6089,235375
6090,235384
6091,235392
6092,235442
6093,235498
6094,235506
6095,235543
6096,235671
6097,235684
6098,235805
6099,235842
6100,235884
6101,235888
6102,235895
6103,235935
6104,235952
6105,236030
6106,236033
6107,236058
6108,236097
6109,236164
6110,236172
6111,236255
6112,236267
6113,236269
6114,236283
6115,236322
6116,236340
6117,236349
6118,236399
6119,236480
6120,236550
6121,236587
6122,236593
6123,236594
6124,236621
6125,236625
6126,236700
6127,236727
6128,236754
6129,236757
6130,236840
6131,236940
6132,236943
6133,236948
6134,236949
6135,236955
6136,236959
6137,236994
6138,237064
6139,237070
6140,237091
6141,237264
6142,237271
6143,237275
6144,237334
6145,237407
6146,237411
6147,237429
6148,237433
6149,237434
6150,237451
6151,237486
6152,237518
6153,237534
6154,237577
6155,237646
6156,237748
6157,237856
6158,237898
6159,237912
6160,237990
6161,238008
6162,238010
6163,238057
6164,238065
6165,238120
6166,238131
6167,238179
6168,238186
6169,238222
6170,238231
6171,238241
6172,238246
6173,238319
6174,238350
6175,238419
6176,238461
6177,238475
6178,238540
6179,238541
6180,238557
6181,238566
6182,238613
6183,238625
6184,238630
6185,238639
6186,238644
6187,238699
6188,238779
6189,238781
6190,238823
6191,238849
6192,238864
6193,238889
6194,238890
6195,238921
6196,238961
6197,239004
6198,239020
6199,239067
6200,239070
6201,239106
6202,239161
6203,239374
6204,239407
6205,239413
6206,239423
6207,239449
6208,239468
6209,239486
6210,239488
6211,239535
6212,239551
6213,239554
6214,239584
6215,239594
6216,239609
6217,239623
6218,239626
6219,239630
6220,239688
6221,239692
6222,239736
6223,239748
6224,239761
6225,240033
6226,240035
6227,240051
6228,240113
6229,240131
6230,240144
6231,240155
6232,240205
6233,240219
6234,240224
6235,240225
6236,240267
6237,240318
6238,240333
6239,240370
6240,240394
6241,240401
6242,240403
6243,240440
6244,240484
6245,240495
6246,240528
6247,240541
6248,240543
6249,240567
6250,240568
6251,240609
6252,240643
6253,240663
6254,240677
6255,240700
6256,240756
6257,240789
6258,240829
6259,240883
6260,240906
6261,241033
6262,241042
6263,241080
6264,241086
6265,241198
6266,241204
6267,241239
6268,241265
6269,241305
6270,241306
6271,241357
6272,241367
6273,241432
6274,241523
6275,241527
6276,241537
6277,241548
6278,241565
6279,241597
6280,241614
6281,241666
6282,241749
6283,241791
6284,241802
6285,241861
6286,241885
6287,241980
6288,242006
6289,242007
6290,242029
6291,242037
6292,242073
6293,242083
6294,242106
6295,242118
6296,242143
6297,242157
6298,242248
6299,242262
6300,242273
6301,242299
6302,242309
6303,242310
6304,242361
6305,242409
6306,242414
6307,242458
6308,242465
6309,242499
6310,242528
6311,242544
6312,242639
6313,242640
6314,242646
6315,242763
6316,242849
6317,242878
6318,242914
6319,242962
6320,242999
6321,243004
6322,243058
6323,243065
6324,243075
6325,243077
6326,243141
6327,243206
6328,243213
6329,243236
6330,243294
6331,243312
6332,243328
6333,243360
6334,243448
6335,243490
6336,243491
6337,243584
6338,243700
6339,243720
6340,243745
6341,243759
6342,243785
6343,243863
6344,243876
6345,243879
6346,243891
6347,243929
6348,243930
6349,243942
6350,243951
6351,243964
6352,243966
6353,243984
6354,244056
6355,244070
6356,244139
6357,244171
6358,244189
6359,244277
6360,244286
6361,244349
6362,244359
6363,244375
6364,244400
6365,244420
6366,244452
6367,244456
6368,244471
6369,244484
6370,244517
6371,244572
6372,244593
6373,244627
6374,244657
6375,244662
6376,244676
6377,244685
6378,244688
6379,244708
6380,244710
6381,244736
6382,244742
6383,244761
6384,244814
6385,244873
6386,244915
6387,244964
6388,244994
6389,244995
6390,245088
6391,245128
6392,245157
6393,245188
6394,245215
6395,245295
6396,245311
6397,245312
6398,245328
6399,245362
6400,245371
6401,245410
6402,245446
6403,245499
6404,245534
6405,245568
6406,245604
6407,245616
6408,245645
6409,245649
6410,245650
6411,245655
6412,245750
6413,245782
6414,245827
6415,245925
6416,245963
6417,246000
6418,246036
6419,246156
6420,246216
6421,246246
6422,246247
6423,246311
6424,246318
6425,246470
6426,246483
6427,246507
6428,246512
6429,246513
6430,246528
6431,246597
6432,246617
6433,246634
6434,246655
6435,246678
6436,246759
6437,246766
6438,246776
6439,246798
6440,246820
6441,246823
6442,246863
6443,246959
6444,247010
6445,247055
6446,247060
6447,247108
6448,247129
6449,247201
6450,247240
6451,247241
6452,247278
6453,247429
6454,247444
6455,247447
6456,247518
6457,247521
6458,247537
6459,247626
6460,247664
6461,247752
6462,247829
6463,247840
6464,247852
6465,247897
6466,247918
6467,247958
6468,247998
6469,248003
6470,248064
6471,248079
6472,248098
6473,248138
6474,248221
6475,248259
6476,248274
6477,248280
6478,248289
6479,248356
6480,248464
6481,248468
6482,248477
6483,248479
6484,248492
6485,248496
6486,248531
6487,248540
6488,248547
6489,248572
6490,248597
6491,248613
6492,248615
6493,248656
6494,248718
6495,248772
6496,248805
6497,248850
6498,248965
6499,249058
6500,249071
6501,249096
6502,249111
6503,249128
6504,249140
6505,249150
6506,249210
6507,249220
6508,249223
6509,249361
6510,249407
6511,249480
6512,249496
6513,249628
6514,249634
6515,249650
6516,249695
6517,249732
6518,249736
6519,249746
6520,249791
6521,249826
6522,249862
6523,249894
6524,249924
6525,249939
6526,249953
6527,249958
6528,249989
6529,250101
6530,250163
6531,250184
6532,250219
6533,250227
6534,250300
6535,250301
6536,250330
6537,250342
6538,250359
6539,250367
6540,250368
6541,250383
6542,250398
6543,250405
6544,250407
6545,250413
6546,250461
6547,250494
6548,250506
6549,250543
6550,250683
6551,250695
6552,250709
6553,250733
6554,250750
6555,250764
6556,250899
6557,250925
6558,250935
6559,250936
6560,250962
6561,250987
6562,251003
6563,251019
6564,251050
6565,251085
6566,251093
6567,251097
6568,251122
6569,251140
6570,251149
6571,251152
6572,251164
6573,251242
6574,251327
6575,251339
6576,251362
6577,251394
6578,251400
6579,251422
6580,251423
6581,251442
6582,251467
6583,251495
6584,251518
6585,251606
6586,251613
6587,251642
6588,251721
6589,251739
6590,251744
6591,251791
6592,251843
6593,251844
6594,251890
6595,252007
6596,252071
6597,252222
6598,252268
6599,252279
6600,252287
6601,252292
6602,252328
6603,252347
6604,252510
6605,252642
6606,252654
6607,252657
6608,252662
6609,252695
6610,252726
6611,252775
6612,252785
6613,252806
6614,252820
6615,252827
6616,252829
6617,252843
6618,252846
6619,252848
6620,252865
6621,252903
6622,252953
6623,253005
6624,253106
6625,253226
6626,253310
6627,253311
6628,253322
6629,253403
6630,253482
6631,253556
6632,253580
6633,253590
6634,253602
6635,253626
6636,253629
6637,253668
6638,253771
6639,253797
6640,253821
6641,253852
6642,253855
6643,253859
6644,253867
6645,253871
6646,253949
6647,253964
6648,254038
6649,254053
6650,254064
6651,254144
6652,254160
6653,254196
6654,254201
6655,254206
6656,254226
6657,254278
6658,254289
6659,254299
6660,254355
6661,254376
6662,254377
6663,254405
6664,254417
6665,254465
6666,254467
6667,254502
6668,254690
6669,254754
6670,254777
6671,254822
6672,254859
6673,254863
6674,254899
6675,254971
6676,254995
6677,255056
6678,255078
6679,255092
6680,255218
6681,255289
6682,255433
6683,255489
6684,255544
6685,255546
6686,255648
6687,255655
6688,255786
6689,255814
6690,255846
6691,256023
6692,256072
6693,256133
6694,256167
6695,256247
6696,256264
6697,256402
6698,256407
6699,256507
6700,256765
6701,256843
6702,256844
6703,256892
6704,256925
6705,257024
6706,257028
6707,257145
6708,257153
6709,257198
6710,257204
6711,257262
6712,257327
6713,257390
6714,257454
6715,257492
6716,257495
6717,257534
6718,257548
6719,257625
6720,257699
6721,257700
6722,257714
6723,257804
6724,257820
6725,258011
6726,258084
6727,258107
6728,258109
6729,258151
6730,258152
6731,258160
6732,258185
6733,258240
6734,258270
6735,258277
6736,258352
6737,258460
6738,258482
6739,258520
6740,258534
6741,258550
6742,258556
6743,258614
6744,258673
6745,258690
6746,258884
6747,258913
6748,258938
6749,259004
6750,259006
6751,259035
6752,259057
6753,259066
6754,259078
6755,259114
6756,259118
6757,259155
6758,259205
6759,259223
6760,259249
6761,259259
6762,259260
6763,259264
6764,259288
6765,259316
6766,259320
6767,259378
6768,259380
6769,259388
6770,259430
6771,259542
6772,259625
6773,259626
6774,259629
6775,259660
6776,259734
6777,259757
6778,259829
6779,259901
6780,259930
6781,260067
6782,260183
6783,260239
6784,260316
6785,260363
6786,260388
6787,260419
6788,260453
6789,260473
6790,260520
6791,260647
6792,260655
6793,260678
6794,260699
6795,260796
6796,260840
6797,260865
6798,260897
6799,260902
6800,260936
6801,260944
6802,261015
6803,261037
6804,261091
6805,261105
6806,261214
6807,261314
6808,261327
6809,261567
6810,261578
6811,261603
6812,261611
6813,261768
6814,261829
6815,261973
6816,261998
6817,262040
6818,262118
6819,262151
6820,262169
6821,262186
6822,262208
6823,262271
6824,262311
6825,262317
6826,262391
6827,262399
6828,262407
6829,262459
6830,262469
6831,262525
6832,262541
6833,262634
6834,262660
6835,262666
6836,262902
6837,262940
6838,262974
6839,262998
6840,263078
6841,263107
6842,263163
6843,263219
6844,263321
6845,263323
6846,263325
6847,263326
6848,263344
6849,263357
6850,263383
6851,263413
6852,263460
6853,263480
6854,263560
6855,263585
6856,263601
6857,263637
6858,263645
6859,263663
6860,263733
6861,263842
6862,263877
6863,264031
6864,264082
6865,264085
6866,264149
6867,264152
6868,264191
6869,264284
6870,264311
6871,264317
6872,264321
6873,264355
6874,264464
6875,264525
6876,264543
6877,264627
6878,264634
6879,264637
6880,264657
6881,264688
6882,264828
6883,264862
6884,264863
6885,264947
6886,264996
6887,265075
6888,265083
6889,265115
6890,265202
6891,265205
6892,265221
6893,265276
6894,265313
6895,265383
6896,265403
6897,265487
6898,265504
6899,265553
6900,265591
6901,265595
6902,265607
6903,265620
6904,265626
6905,265656
6906,265751
6907,265784
6908,265827
6909,265889
6910,265918
6911,265932
6912,265972
6913,266054
6914,266056
6915,266164
6916,266226
6917,266229
6918,266268
6919,266283
6920,266299
6921,266312
6922,266331
6923,266355
6924,266466
6925,266478
6926,266522
6927,266650
6928,266678
6929,266753
6930,266764
6931,266807
6932,266808
6933,266840
6934,266842
6935,266854
6936,266865
6937,266866
6938,266872
6939,266940
6940,267033
6941,267061
6942,267120
6943,267180
6944,267184
6945,267249
6946,267256
6947,267282
6948,267326
6949,267354
6950,267372
6951,267418
6952,267444
6953,267453
6954,267510
6955,267538
6956,267596
6957,267635
6958,267642
6959,267644
6960,267648
6961,267680
6962,267802
6963,267830
6964,268022
6965,268025
6966,268030
6967,268032
6968,268035
6969,268110
6970,268134
6971,268156
6972,268171
6973,268239
6974,268262
6975,268300
6976,268492
6977,268540
6978,268544
6979,268618
6980,268622
6981,268639
6982,268657
6983,268691
6984,268704
6985,268711
6986,268734
6987,268751
6988,268761
6989,268786
6990,268833
6991,268932
6992,268939
6993,269009
6994,269031
6995,269105
6996,269114
6997,269140
6998,269157
6999,269244
7000,269273
7001,269321
7002,269344
7003,269378
7004,269386
7005,269439
7006,269557
7007,269566
7008,269701
7009,269714
7010,269719
7011,269728
7012,269738
7013,269799
7014,269808
7015,269835
7016,269841
7017,269890
7018,269916
7019,269993
7020,270069
7021,270156
7022,270211
7023,270265
7024,270326
7025,270339
7026,270352
7027,270552
7028,270554
7029,270605
7030,270629
7031,270666
7032,270713
7033,270714
7034,270737
7035,270801
7036,270820
7037,270828
7038,270838
7039,270897
7040,270906
7041,271000
7042,271066
7043,271144
7044,271176
7045,271195
7046,271284
7047,271306
7048,271354
7049,271375
7050,271448
7051,271460
7052,271466
7053,271476
7054,271503
7055,271531
7056,271538
7057,271542
7058,271557
7059,271558
7060,271587
7061,271588
7062,271622
7063,271659
7064,271681
7065,271705
7066,272002
7067,272052
7068,272120
7069,272225
7070,272233
7071,272273
7072,272395
7073,272407
7074,272423
7075,272482
7076,272573
7077,272640
7078,272715
7079,272786
7080,272838
7081,272897
7082,272980
7083,272988
7084,273071
7085,273086
7086,273089
7087,273110
7088,273113
7089,273167
7090,273190
7091,273197
7092,273252
7093,273307
7094,273318
7095,273336
7096,273344
7097,273440
7098,273465
7099,273507
7100,273587
7101,273635
7102,273718
7103,273813
7104,273849
7105,273869
7106,273906
7107,273976
7108,273979
7109,273993
7110,274004
7111,274005
7112,274056
7113,274061
7114,274111
7115,274144
7116,274199
7117,274220
7118,274301
7119,274308
7120,274325
7121,274380
7122,274393
7123,274423
7124,274466
7125,274549
7126,274609
7127,274618
7128,274634
7129,274656
7130,274803
7131,274808
7132,274823
7133,274881
7134,274925
7135,274979
7136,275020
7137,275111
7138,275154
7139,275210
7140,275220
7141,275228
7142,275264
7143,275276
7144,275281
7145,275305
7146,275306
7147,275318
7148,275383
7149,275401
7150,275414
7151,275481
7152,275520
7153,275611
7154,275638
7155,275673
7156,275732
7157,275758
7158,275807
7159,275909
7160,275922
7161,275970
7162,275994
7163,276017
7164,276018
7165,276038
7166,276050
7167,276077
7168,276165
7169,276213
7170,276231
7171,276291
7172,276307
7173,276313
7174,276369
7175,276463
7176,276487
7177,276498
7178,276521
7179,276560
7180,276579
7181,276626
7182,276641
7183,276670
7184,276680
7185,276681
7186,276688
7187,276822
7188,276847
7189,276925
7190,276929
7191,276939
7192,276964
7193,276994
7194,277157
7195,277171
7196,277195
7197,277203
7198,277378
7199,277427
7200,277478
7201,277523
7202,277623
7203,277629
7204,277639
7205,277710
7206,277711
7207,277744
7208,277901
7209,277928
7210,277929
7211,277937
7212,277945
7213,277965
7214,278026
7215,278137
7216,278188
7217,278194
7218,278202
7219,278221
7220,278314
7221,278356
7222,278390
7223,278418
7224,278529
7225,278535
7226,278554
7227,278582
7228,278633
7229,278694
7230,278843
7231,278851
